,period,price,volume,ratio
0,2016-01-01,585.0,0.0,0.26628
1,2016-01-02,585.0,0.0,0.32228
2,2016-01-03,585.0,0.0,0.32
3,2016-01-04,585.0,0.0,0.81429
4,2016-01-05,585.0,0.0,1.10458
5,2016-01-06,2900.0,433653.0,0.856
6,2016-01-07,2770.0,112282.0,0.8588600000000001
7,2016-01-08,2770.0,250722.0,0.95201
8,2016-01-09,2770.0,250722.0,0.34571
9,2016-01-10,2770.0,250722.0,0.32686
10,2016-01-11,2645.0,42431.0,0.86629
11,2016-01-12,2590.0,45787.0,0.82058
12,2016-01-13,2515.0,35719.0,0.86972
13,2016-01-14,3265.0,1102192.0,0.8257200000000001
14,2016-01-15,3075.0,1138026.0,0.81029
15,2016-01-16,3075.0,1138026.0,0.34171
16,2016-01-17,3075.0,1138026.0,0.35657
17,2016-01-18,2790.0,192936.0,0.90515
18,2016-01-19,2710.0,64020.0,0.96686
19,2016-01-20,2590.0,70403.0,0.9474299999999999
20,2016-01-21,2590.0,72874.0,0.98115
21,2016-01-22,2750.0,909439.0,1.0137200000000002
22,2016-01-23,2750.0,909439.0,0.35257
23,2016-01-24,2750.0,909439.0,0.31828
24,2016-01-25,2650.0,137749.0,1.0137200000000002
25,2016-01-26,2940.0,664825.0,1.0605799999999999
26,2016-01-27,2805.0,185830.0,0.92743
27,2016-01-28,3005.0,342865.0,0.8902899999999999
28,2016-01-29,3065.0,82481.0,0.8674299999999999
29,2016-01-30,3065.0,82481.0,0.38
30,2016-01-31,3065.0,82481.0,0.31543000000000004
31,2016-02-01,2995.0,115976.0,0.83829
32,2016-02-02,2880.0,74710.0,0.9217200000000001
33,2016-02-03,2950.0,53669.0,0.8840100000000001
34,2016-02-04,2900.0,50907.0,0.9177200000000001
35,2016-02-05,2950.0,32634.0,0.80686
36,2016-02-06,2950.0,32634.0,0.29657
37,2016-02-07,2950.0,32634.0,0.23371
38,2016-02-08,2950.0,32634.0,0.22228
39,2016-02-09,2950.0,32634.0,0.26628
40,2016-02-10,2950.0,32634.0,0.33143
41,2016-02-11,2865.0,31622.0,1.02686
42,2016-02-12,2800.0,41316.0,0.9874299999999999
43,2016-02-13,2800.0,41316.0,0.32857
44,2016-02-14,2800.0,41316.0,0.34057
45,2016-02-15,2810.0,12873.0,0.98915
46,2016-02-16,2860.0,37599.0,0.98001
47,2016-02-17,3050.0,227511.0,0.99029
48,2016-02-18,2990.0,63073.0,1.08629
49,2016-02-19,2970.0,29834.0,0.9257200000000001
50,2016-02-20,2970.0,29834.0,0.35886
51,2016-02-21,2970.0,29834.0,0.38456999999999997
52,2016-02-22,2950.0,28080.0,0.9645799999999999
53,2016-02-23,2900.0,30405.0,0.97829
54,2016-02-24,2805.0,46474.0,0.8840100000000001
55,2016-02-25,2800.0,26828.0,0.96229
56,2016-02-26,2850.0,252178.0,0.8634299999999999
57,2016-02-27,2850.0,252178.0,0.33028
58,2016-02-28,2850.0,252178.0,0.33314
59,2016-02-29,2845.0,39278.0,0.8440000000000001
60,2016-03-01,2845.0,39278.0,0.40114
61,2016-03-02,2840.0,20485.0,0.9537200000000001
62,2016-03-03,2860.0,22272.0,1.20344
63,2016-03-04,2860.0,15851.0,1.35372
64,2016-03-05,2860.0,15851.0,0.51372
65,2016-03-06,2860.0,15851.0,0.544
66,2016-03-07,2825.0,28345.0,1.40515
67,2016-03-08,2820.0,12165.0,1.32515
68,2016-03-09,2805.0,14485.0,1.3325799999999999
69,2016-03-10,2840.0,14196.0,1.50001
70,2016-03-11,3105.0,225293.0,1.36001
71,2016-03-12,3105.0,225293.0,0.44171000000000005
72,2016-03-13,3105.0,225293.0,0.40971
73,2016-03-14,3245.0,477911.0,1.30972
74,2016-03-15,3105.0,82272.0,1.7754400000000001
75,2016-03-16,3475.0,173409.0,1.6805900000000003
76,2016-03-17,3590.0,250817.0,1.8303
77,2016-03-18,3525.0,116037.0,1.42744
78,2016-03-19,3525.0,116037.0,0.47771
79,2016-03-20,3525.0,116037.0,0.63943
80,2016-03-21,3985.0,354303.0,1.62573
81,2016-03-22,5180.0,1626664.0,1.9223
82,2016-03-23,4520.0,1929427.0,1.44573
83,2016-03-24,4350.0,386339.0,1.37487
84,2016-03-25,4140.0,225611.0,1.21258
85,2016-03-26,4140.0,225611.0,0.40057
86,2016-03-27,4140.0,225611.0,0.36685999999999996
87,2016-03-28,4140.0,108554.0,1.33772
88,2016-03-29,4120.0,149364.0,1.27601
89,2016-03-30,4180.0,203807.0,1.19887
90,2016-03-31,3990.0,146164.0,1.15829
91,2016-04-01,3990.0,55509.0,1.26344
92,2016-04-02,3990.0,55509.0,0.39943
93,2016-04-03,3990.0,55509.0,0.42971000000000004
94,2016-04-04,3950.0,60466.0,1.4868700000000001
95,2016-04-05,4000.0,43750.0,1.7708700000000002
96,2016-04-06,4110.0,79679.0,1.6565900000000002
97,2016-04-07,4075.0,53227.0,1.6223
98,2016-04-08,4135.0,76916.0,1.38458
99,2016-04-09,4135.0,76916.0,0.49313999999999997
100,2016-04-10,4135.0,76916.0,0.49371000000000004
101,2016-04-11,4160.0,113020.0,1.2274399999999999
102,2016-04-12,4160.0,46899.0,1.16972
103,2016-04-13,4160.0,46899.0,0.5251399999999999
104,2016-04-14,4210.0,34289.0,1.32287
105,2016-04-15,4175.0,28379.0,1.24115
106,2016-04-16,4175.0,28379.0,0.45371000000000006
107,2016-04-17,4175.0,28379.0,0.45257
108,2016-04-18,4235.0,47513.0,1.37201
109,2016-04-19,4650.0,207903.0,1.38973
110,2016-04-20,4415.0,97997.0,1.2388700000000001
111,2016-04-21,4665.0,106159.0,1.27315
112,2016-04-22,4725.0,61412.0,1.2508700000000001
113,2016-04-23,4725.0,61412.0,0.42743000000000003
114,2016-04-24,4725.0,61412.0,0.39143
115,2016-04-25,5370.0,402757.0,1.38058
116,2016-04-26,5370.0,110104.0,1.48915
117,2016-04-27,5660.0,159081.0,1.45544
118,2016-04-28,5660.0,114428.0,1.24801
119,2016-04-29,5920.0,78250.0,1.13258
120,2016-04-30,5920.0,78250.0,0.41828999999999994
121,2016-05-01,5920.0,78250.0,0.40343
122,2016-05-02,6170.0,134663.0,1.18972
123,2016-05-03,6070.0,102289.0,1.2965799999999998
124,2016-05-04,5730.0,125338.0,1.17544
125,2016-05-05,5730.0,125338.0,0.47943
126,2016-05-06,5730.0,125338.0,0.5182899999999999
127,2016-05-07,5730.0,125338.0,0.43771000000000004
128,2016-05-08,5730.0,125338.0,0.40343
129,2016-05-09,5790.0,107890.0,1.30001
130,2016-05-10,5730.0,27981.0,1.5463
131,2016-05-11,5790.0,21306.0,1.5971600000000001
132,2016-05-12,5360.0,76781.0,1.6343
133,2016-05-13,5510.0,45730.0,1.48515
134,2016-05-14,5510.0,45730.0,0.56914
135,2016-05-15,5510.0,45730.0,0.54172
136,2016-05-16,5380.0,24481.0,1.64116
137,2016-05-17,4895.0,89868.0,2.27888
138,2016-05-18,4865.0,94314.0,1.97659
139,2016-05-19,5000.0,28422.0,2.32002
140,2016-05-20,4975.0,24886.0,1.8823
141,2016-05-21,4975.0,24886.0,1.08115
142,2016-05-22,4975.0,24886.0,1.16687
143,2016-05-23,4910.0,21707.0,3.0217400000000003
144,2016-05-24,4850.0,17550.0,2.74231
145,2016-05-25,5290.0,66728.0,1.7400099999999998
146,2016-05-26,5250.0,26644.0,1.7291599999999998
147,2016-05-27,5120.0,15508.0,1.44744
148,2016-05-28,5120.0,15508.0,0.49886
149,2016-05-29,5120.0,15508.0,0.57543
150,2016-05-30,4980.0,17746.0,1.6840099999999998
151,2016-05-31,5050.0,25595.0,1.8537299999999999
152,2016-06-01,5080.0,14218.0,1.7171599999999998
153,2016-06-02,4955.0,10739.0,1.5108700000000002
154,2016-06-03,4815.0,37029.0,1.4714399999999999
155,2016-06-04,4815.0,37029.0,0.51657
156,2016-06-05,4815.0,37029.0,0.46913999999999995
157,2016-06-06,4815.0,37029.0,0.556
158,2016-06-07,4770.0,12235.0,1.5325799999999998
159,2016-06-08,4730.0,13669.0,1.5697299999999998
160,2016-06-09,4720.0,20638.0,1.44915
161,2016-06-10,4730.0,34608.0,1.31944
162,2016-06-11,4730.0,34608.0,0.50229
163,2016-06-12,4730.0,34608.0,0.5182899999999999
164,2016-06-13,4705.0,13376.0,1.31315
165,2016-06-14,4605.0,19501.0,1.2503
166,2016-06-15,4480.0,17645.0,1.34287
167,2016-06-16,4265.0,11769.0,1.3143
168,2016-06-17,4390.0,11839.0,1.2268700000000001
169,2016-06-18,4390.0,11839.0,0.44456999999999997
170,2016-06-19,4390.0,11839.0,0.42
171,2016-06-20,4400.0,4718.0,1.16858
172,2016-06-21,4400.0,17138.0,1.17772
173,2016-06-22,4385.0,11466.0,1.11601
174,2016-06-23,4385.0,9876.0,1.09544
175,2016-06-24,4200.0,32132.0,1.2983
176,2016-06-25,4200.0,32132.0,0.37543000000000004
177,2016-06-26,4200.0,32132.0,0.42113999999999996
178,2016-06-27,4300.0,24263.0,1.29944
179,2016-06-28,4365.0,6730.0,1.20858
180,2016-06-29,4510.0,11012.0,1.28572
181,2016-06-30,4510.0,6828.0,1.23258
182,2016-07-01,4530.0,7118.0,1.17544
183,2016-07-02,4530.0,7118.0,0.35143
184,2016-07-03,4530.0,7118.0,0.37829
185,2016-07-04,4460.0,10430.0,1.05715
186,2016-07-05,4365.0,6373.0,1.0177200000000002
187,2016-07-06,4295.0,9538.0,0.9914299999999999
188,2016-07-07,4180.0,24314.0,1.0645799999999999
189,2016-07-08,4190.0,6689.0,0.9925799999999999
190,2016-07-09,4190.0,6689.0,0.37085999999999997
191,2016-07-10,4190.0,6689.0,0.64286
192,2016-07-11,4100.0,18838.0,1.37887
193,2016-07-12,4235.0,35008.0,1.2354399999999999
194,2016-07-13,4315.0,29160.0,1.17658
195,2016-07-14,4255.0,5608.0,1.17201
196,2016-07-15,4180.0,4629.0,1.0217200000000002
197,2016-07-16,4180.0,4629.0,0.344
198,2016-07-17,4180.0,4629.0,0.324
199,2016-07-18,4180.0,6680.0,0.9834299999999999
200,2016-07-19,4175.0,9240.0,0.9828600000000001
201,2016-07-20,4165.0,4161.0,1.21658
202,2016-07-21,4185.0,5897.0,1.16858
203,2016-07-22,4300.0,10349.0,1.29715
204,2016-07-23,4300.0,10349.0,0.39429000000000003
205,2016-07-24,4300.0,10349.0,0.44628999999999996
206,2016-07-25,4285.0,8830.0,1.23201
207,2016-07-26,4185.0,8467.0,1.45601
208,2016-07-27,5130.0,172642.0,1.09144
209,2016-07-28,4925.0,89744.0,1.11715
210,2016-07-29,4820.0,25737.0,0.96972
211,2016-07-30,4820.0,25737.0,0.38799999999999996
212,2016-07-31,4820.0,25737.0,0.39314
213,2016-08-01,4710.0,18059.0,1.2057200000000001
214,2016-08-02,4710.0,24576.0,1.0668600000000001
215,2016-08-03,4520.0,14871.0,1.08344
216,2016-08-04,4440.0,10959.0,1.15087
217,2016-08-05,4520.0,9552.0,1.13715
218,2016-08-06,4520.0,9552.0,0.35086
219,2016-08-07,4520.0,9552.0,0.44456999999999997
220,2016-08-08,4550.0,8250.0,1.2057200000000001
221,2016-08-09,4525.0,6294.0,1.19029
222,2016-08-10,4590.0,7311.0,1.3080100000000001
223,2016-08-11,4670.0,34240.0,1.88687
224,2016-08-12,4665.0,9847.0,1.4503
225,2016-08-13,4665.0,9847.0,0.45657
226,2016-08-14,4665.0,9847.0,0.36971
227,2016-08-15,4665.0,9847.0,0.45943
228,2016-08-16,4430.0,26402.0,1.28401
229,2016-08-17,4370.0,12633.0,1.5680100000000001
230,2016-08-18,4335.0,22880.0,1.39544
231,2016-08-19,4390.0,5581.0,1.2663
232,2016-08-20,4390.0,5581.0,0.48113999999999996
233,2016-08-21,4390.0,5581.0,0.38856999999999997
234,2016-08-22,4260.0,6806.0,1.40744
235,2016-08-23,4260.0,10672.0,1.30744
236,2016-08-24,4285.0,8828.0,1.26344
237,2016-08-25,4310.0,6415.0,1.26001
238,2016-08-26,4255.0,7797.0,1.24458
239,2016-08-27,4255.0,7797.0,0.37143000000000004
240,2016-08-28,4255.0,7797.0,0.37085999999999997
241,2016-08-29,4455.0,217064.0,1.07772
242,2016-08-30,4370.0,24225.0,1.00229
243,2016-08-31,4230.0,38852.0,1.0137200000000002
244,2016-09-01,4200.0,31716.0,1.0520100000000001
245,2016-09-02,4130.0,9924.0,1.0405799999999998
246,2016-09-03,4130.0,9924.0,0.35943
247,2016-09-04,4130.0,9924.0,0.33828
248,2016-09-05,4180.0,12534.0,1.09315
249,2016-09-06,4220.0,10223.0,1.04229
250,2016-09-07,4220.0,4052.0,1.02001
251,2016-09-08,4330.0,9068.0,0.93258
252,2016-09-09,4375.0,4582.0,0.97829
253,2016-09-10,4375.0,4582.0,0.33543
254,2016-09-11,4375.0,4582.0,0.3
255,2016-09-12,4280.0,9566.0,0.94915
256,2016-09-13,4220.0,8349.0,0.7714300000000001
257,2016-09-14,4220.0,8349.0,0.30343000000000003
258,2016-09-15,4220.0,8349.0,0.29314
259,2016-09-16,4220.0,8349.0,0.29028000000000004
260,2016-09-17,4220.0,8349.0,0.30856999999999996
261,2016-09-18,4220.0,8349.0,0.31828
262,2016-09-19,4295.0,11765.0,0.98801
263,2016-09-20,4255.0,4838.0,1.5697299999999998
264,2016-09-21,4195.0,11781.0,1.6571599999999997
265,2016-09-22,4270.0,8862.0,1.45715
266,2016-09-23,4230.0,7776.0,1.21258
267,2016-09-24,4230.0,7776.0,0.344
268,2016-09-25,4230.0,7776.0,0.29886
269,2016-09-26,4295.0,16648.0,1.16972
270,2016-09-27,4250.0,9555.0,1.24229
271,2016-09-28,4220.0,5184.0,1.69144
272,2016-09-29,4175.0,3955.0,1.38573
273,2016-09-30,4155.0,17381.0,1.16801
274,2016-10-01,4155.0,17381.0,0.47313999999999995
275,2016-10-02,4155.0,17381.0,0.47828999999999994
276,2016-10-03,4155.0,17381.0,0.61257
277,2016-10-04,4120.0,5508.0,1.46858
278,2016-10-05,4150.0,8132.0,1.3285799999999999
279,2016-10-06,4120.0,7826.0,1.48401
280,2016-10-07,4060.0,8663.0,1.97202
281,2016-10-08,4060.0,8663.0,0.91601
282,2016-10-09,4060.0,8663.0,1.25258
283,2016-10-10,4070.0,2063.0,3.49318
284,2016-10-11,4090.0,1283.0,8.213230000000001
285,2016-10-12,4080.0,6245.0,1.67887
286,2016-10-13,4090.0,2371.0,1.32287
287,2016-10-14,4100.0,1407.0,1.13829
288,2016-10-15,4100.0,1407.0,0.38343
289,2016-10-16,4100.0,1407.0,0.40971
290,2016-10-17,4175.0,7143.0,1.08115
291,2016-10-18,4140.0,1008.0,1.10686
292,2016-10-19,4080.0,7445.0,1.12572
293,2016-10-20,4060.0,11595.0,2.05373
294,2016-10-21,3995.0,5530.0,1.11029
295,2016-10-22,3995.0,5530.0,0.32171
296,2016-10-23,3995.0,5530.0,0.38056999999999996
297,2016-10-24,4040.0,3723.0,1.07144
298,2016-10-25,3950.0,2610.0,1.95945
299,2016-10-26,3900.0,3854.0,1.49715
300,2016-10-27,3955.0,5865.0,0.88115
301,2016-10-28,3965.0,4082.0,0.69257
302,2016-10-29,3965.0,4082.0,0.26114
303,2016-10-30,3965.0,4082.0,0.31143000000000004
304,2016-10-31,3895.0,1248.0,0.7388600000000001
305,2016-11-01,3805.0,4047.0,0.78115
306,2016-11-02,3615.0,9515.0,0.8605799999999999
307,2016-11-03,3600.0,2615.0,0.94058
308,2016-11-04,3575.0,2029.0,0.70686
309,2016-11-05,3575.0,2029.0,0.28343
310,2016-11-06,3575.0,2029.0,0.29428000000000004
311,2016-11-07,3875.0,18686.0,0.9097200000000001
312,2016-11-08,3960.0,5344.0,0.9594299999999999
313,2016-11-09,3785.0,6392.0,1.03944
314,2016-11-10,4040.0,17552.0,0.93086
315,2016-11-11,4150.0,6411.0,0.86
316,2016-11-12,4150.0,6411.0,0.29486
317,2016-11-13,4150.0,6411.0,0.30171
318,2016-11-14,4100.0,3184.0,0.89943
319,2016-11-15,4065.0,1270.0,1.14344
320,2016-11-16,4140.0,1568.0,1.17087
321,2016-11-17,4110.0,2672.0,1.00286
322,2016-11-18,4150.0,5153.0,0.8325799999999999
323,2016-11-19,4150.0,5153.0,0.28857
324,2016-11-20,4150.0,5153.0,0.29257
325,2016-11-21,4115.0,984.0,0.8285799999999999
326,2016-11-22,4120.0,2819.0,0.872
327,2016-11-23,4120.0,1069.0,0.78572
328,2016-11-24,4105.0,1043.0,0.71829
329,2016-11-25,4110.0,1793.0,0.70286
330,2016-11-26,4110.0,1793.0,0.27543
331,2016-11-27,4110.0,1793.0,0.28743
332,2016-11-28,4050.0,3494.0,0.77258
333,2016-11-29,4165.0,8723.0,0.77772
334,2016-11-30,4190.0,3052.0,0.8874299999999999
335,2016-12-01,4190.0,4776.0,0.97372
336,2016-12-02,4100.0,6915.0,0.8628600000000001
337,2016-12-03,4100.0,6915.0,0.32343
338,2016-12-04,4100.0,6915.0,0.316
339,2016-12-05,3935.0,3826.0,0.82286
340,2016-12-06,4025.0,5014.0,0.9634299999999999
341,2016-12-07,4210.0,25583.0,0.90515
342,2016-12-08,4230.0,4636.0,0.94686
343,2016-12-09,4205.0,3832.0,0.78458
344,2016-12-10,4205.0,3832.0,0.33143
345,2016-12-11,4205.0,3832.0,0.32628
346,2016-12-12,4250.0,3446.0,0.81315
347,2016-12-13,4160.0,8103.0,1.02801
348,2016-12-14,4300.0,10490.0,0.9085799999999999
349,2016-12-15,4200.0,19967.0,0.8605799999999999
350,2016-12-16,4120.0,2307.0,0.82058
351,2016-12-17,4120.0,2307.0,0.27086
352,2016-12-18,4120.0,2307.0,0.28228000000000003
353,2016-12-19,4095.0,2274.0,0.7440000000000001
354,2016-12-20,4140.0,2773.0,0.768
355,2016-12-21,4135.0,3059.0,0.75658
356,2016-12-22,4060.0,11197.0,0.69486
357,2016-12-23,4015.0,2799.0,0.63715
358,2016-12-24,4015.0,2799.0,0.25085999999999997
359,2016-12-25,4015.0,2799.0,0.22
360,2016-12-26,4010.0,3445.0,0.64857
361,2016-12-27,4000.0,3593.0,0.75543
362,2016-12-28,4240.0,8172.0,0.6542899999999999
363,2016-12-29,4075.0,20153.0,0.67372
364,2016-12-30,4075.0,20153.0,0.42971000000000004
365,2016-12-31,4075.0,20153.0,0.25085999999999997
366,2017-01-01,4075.0,20153.0,0.25085999999999997
367,2017-01-02,3995.0,5562.0,0.73315
368,2017-01-03,4080.0,10569.0,0.83315
369,2017-01-04,4005.0,2360.0,0.74743
370,2017-01-05,4035.0,5436.0,1.5845799999999999
371,2017-01-06,4000.0,4265.0,0.8640000000000001
372,2017-01-07,4000.0,4265.0,0.32286
373,2017-01-08,4000.0,4265.0,0.31943
374,2017-01-09,4020.0,9800.0,0.78
375,2017-01-10,4035.0,3579.0,0.81315
376,2017-01-11,4000.0,10016.0,0.8045800000000001
377,2017-01-12,4020.0,4002.0,0.80115
378,2017-01-13,3990.0,4186.0,0.75315
379,2017-01-14,3990.0,4186.0,0.27428
380,2017-01-15,3990.0,4186.0,0.25656999999999996
381,2017-01-16,4000.0,1801.0,0.768
382,2017-01-17,3980.0,442.0,0.77258
383,2017-01-18,4030.0,5813.0,0.74515
384,2017-01-19,3990.0,5076.0,0.7457199999999999
385,2017-01-20,4010.0,3836.0,0.76058
386,2017-01-21,4010.0,3836.0,0.28570999999999996
387,2017-01-22,4010.0,3836.0,0.33828
388,2017-01-23,4010.0,3845.0,0.8474299999999999
389,2017-01-24,3950.0,7034.0,0.74915
390,2017-01-25,3880.0,4141.0,0.72972
391,2017-01-26,3830.0,5137.0,0.6662899999999999
392,2017-01-27,3830.0,5137.0,0.26456999999999997
393,2017-01-28,3830.0,5137.0,0.23485
394,2017-01-29,3830.0,5137.0,0.25143000000000004
395,2017-01-30,3830.0,5137.0,0.25828
396,2017-01-31,3805.0,4385.0,0.90515
397,2017-02-01,3800.0,2982.0,0.90801
398,2017-02-02,3760.0,7673.0,0.8325799999999999
399,2017-02-03,3750.0,3200.0,0.75315
400,2017-02-04,3750.0,3200.0,0.28171
401,2017-02-05,3750.0,3200.0,0.28800000000000003
402,2017-02-06,3725.0,4361.0,0.80515
403,2017-02-07,4580.0,356676.0,0.76515
404,2017-02-08,4360.0,67182.0,0.72229
405,2017-02-09,4380.0,35688.0,0.69315
406,2017-02-10,4390.0,22135.0,0.67372
407,2017-02-11,4390.0,22135.0,0.24228000000000002
408,2017-02-12,4390.0,22135.0,0.23543000000000003
409,2017-02-13,4325.0,19801.0,0.7834300000000001
410,2017-02-14,4170.0,30514.0,0.81258
411,2017-02-15,4065.0,35541.0,0.78743
412,2017-02-16,4070.0,8332.0,0.70629
413,2017-02-17,4085.0,4896.0,0.67429
414,2017-02-18,4085.0,4896.0,0.22743000000000002
415,2017-02-19,4085.0,4896.0,0.23428000000000002
416,2017-02-20,4075.0,5297.0,0.6594300000000001
417,2017-02-21,4060.0,4545.0,0.78572
418,2017-02-22,4060.0,3474.0,0.8257200000000001
419,2017-02-23,3960.0,10375.0,0.8628600000000001
420,2017-02-24,4060.0,7841.0,0.80229
421,2017-02-25,4060.0,7841.0,0.25143000000000004
422,2017-02-26,4060.0,7841.0,0.25486
423,2017-02-27,3960.0,6982.0,0.8274299999999999
424,2017-02-28,3960.0,4352.0,0.8079999999999999
425,2017-03-01,3960.0,4352.0,0.32686
426,2017-03-02,3965.0,717.0,0.75315
427,2017-03-03,3905.0,1161.0,0.72972
428,2017-03-04,3905.0,1161.0,0.26971
429,2017-03-05,3905.0,1161.0,0.268
430,2017-03-06,3880.0,5303.0,0.7508600000000001
431,2017-03-07,3930.0,1227.0,0.804
432,2017-03-08,3940.0,3295.0,0.84629
433,2017-03-09,3895.0,2822.0,0.82229
434,2017-03-10,3890.0,3605.0,0.74115
435,2017-03-11,3890.0,3605.0,0.25656999999999996
436,2017-03-12,3890.0,3605.0,0.25656999999999996
437,2017-03-13,3970.0,5900.0,0.78572
438,2017-03-14,4000.0,1569.0,0.98115
439,2017-03-15,3925.0,5404.0,0.89143
440,2017-03-16,3975.0,4203.0,0.88229
441,2017-03-17,4035.0,3014.0,0.76115
442,2017-03-18,4035.0,3014.0,0.30057
443,2017-03-19,4035.0,3014.0,0.28343
444,2017-03-20,3995.0,1706.0,0.84629
445,2017-03-21,4000.0,5236.0,0.8840100000000001
446,2017-03-22,4020.0,13662.0,0.93201
447,2017-03-23,4015.0,3225.0,0.9005799999999999
448,2017-03-24,3985.0,1685.0,1.33544
449,2017-03-25,3985.0,1685.0,0.6342899999999999
450,2017-03-26,3985.0,1685.0,0.7508600000000001
451,2017-03-27,3985.0,1107.0,1.0508600000000001
452,2017-03-28,4005.0,1020.0,1.05029
453,2017-03-29,4025.0,3151.0,1.02572
454,2017-03-30,3900.0,8920.0,0.92743
455,2017-03-31,3845.0,15681.0,0.90801
456,2017-04-01,3845.0,15681.0,0.552
457,2017-04-02,3845.0,15681.0,0.53886
458,2017-04-03,3850.0,4518.0,1.05544
459,2017-04-04,3860.0,9461.0,1.06172
460,2017-04-05,3860.0,4270.0,1.5268700000000002
461,2017-04-06,3930.0,9827.0,1.3085799999999999
462,2017-04-07,3855.0,6761.0,1.2845799999999998
463,2017-04-08,3855.0,6761.0,0.46971
464,2017-04-09,3855.0,6761.0,0.512
465,2017-04-10,3715.0,17464.0,1.3445799999999999
466,2017-04-11,3700.0,2940.0,1.43315
467,2017-04-12,3700.0,2805.0,1.42858
468,2017-04-13,3780.0,2776.0,1.5931600000000001
469,2017-04-14,3715.0,2993.0,1.42801
470,2017-04-15,3715.0,2993.0,0.90515
471,2017-04-16,3715.0,2993.0,1.2583
472,2017-04-17,3770.0,2703.0,2.51202
473,2017-04-18,3855.0,3784.0,3.60289
474,2017-04-19,3770.0,2704.0,3.93318
475,2017-04-20,3785.0,1680.0,1.18229
476,2017-04-21,3950.0,124520.0,1.05772
477,2017-04-22,3950.0,124520.0,0.39143
478,2017-04-23,3950.0,124520.0,0.35428000000000004
479,2017-04-24,3960.0,13290.0,0.99429
480,2017-04-25,3925.0,7087.0,0.97715
481,2017-04-26,3930.0,10622.0,1.5423
482,2017-04-27,3960.0,1392.0,1.04572
483,2017-04-28,4000.0,1635.0,0.9062899999999999
484,2017-04-29,4000.0,1635.0,0.37543000000000004
485,2017-04-30,4000.0,1635.0,0.43943000000000004
486,2017-05-01,4000.0,1635.0,0.44914
487,2017-05-02,3970.0,7450.0,0.8240000000000001
488,2017-05-03,3970.0,7450.0,0.41086000000000006
489,2017-05-04,3960.0,663.0,0.86915
490,2017-05-05,3960.0,663.0,0.36228
491,2017-05-06,3960.0,663.0,0.37829
492,2017-05-07,3960.0,663.0,0.36171
493,2017-05-08,3965.0,5127.0,1.03201
494,2017-05-09,3965.0,5127.0,0.48057
495,2017-05-10,3990.0,13274.0,1.09944
496,2017-05-11,4025.0,1327.0,1.15944
497,2017-05-12,4135.0,15244.0,1.2823
498,2017-05-13,4135.0,15244.0,0.56343
499,2017-05-14,4135.0,15244.0,0.46571
500,2017-05-15,4180.0,6988.0,1.29201
501,2017-05-16,4070.0,25699.0,1.1937200000000001
502,2017-05-17,4380.0,248669.0,1.19315
503,2017-05-18,4355.0,15980.0,1.10286
504,2017-05-19,4360.0,26428.0,1.19029
505,2017-05-20,4360.0,26428.0,0.63772
506,2017-05-21,4360.0,26428.0,0.47313999999999995
507,2017-05-22,4450.0,16097.0,1.25601
508,2017-05-23,4470.0,5031.0,1.33887
509,2017-05-24,4380.0,18539.0,1.2503
510,2017-05-25,4470.0,17487.0,1.14515
511,2017-05-26,4455.0,19415.0,1.07144
512,2017-05-27,4455.0,19415.0,0.39714
513,2017-05-28,4455.0,19415.0,0.44228999999999996
514,2017-05-29,4430.0,11469.0,1.5737299999999999
515,2017-05-30,4325.0,19105.0,1.3703
516,2017-05-31,4325.0,8076.0,1.26744
517,2017-06-01,4320.0,7136.0,1.20515
518,2017-06-02,4345.0,2242.0,1.19315
519,2017-06-03,4345.0,2242.0,0.40343
520,2017-06-04,4345.0,2242.0,0.39714
521,2017-06-05,4250.0,4137.0,1.02801
522,2017-06-06,4250.0,4137.0,0.50229
523,2017-06-07,4210.0,3388.0,1.05944
524,2017-06-08,4125.0,6302.0,1.21658
525,2017-06-09,4060.0,33884.0,1.07886
526,2017-06-10,4060.0,33884.0,0.37085999999999997
527,2017-06-11,4060.0,33884.0,0.42057
528,2017-06-12,4065.0,3397.0,1.00458
529,2017-06-13,4080.0,13063.0,1.02401
530,2017-06-14,4050.0,4407.0,0.98572
531,2017-06-15,4230.0,18511.0,0.9257200000000001
532,2017-06-16,4385.0,110865.0,0.9017200000000001
533,2017-06-17,4385.0,110865.0,0.37085999999999997
534,2017-06-18,4385.0,110865.0,0.37371
535,2017-06-19,4430.0,18359.0,1.01829
536,2017-06-20,4450.0,19428.0,1.0445799999999998
537,2017-06-21,4410.0,19597.0,1.08629
538,2017-06-22,4415.0,7129.0,1.45315
539,2017-06-23,4345.0,8351.0,1.09086
540,2017-06-24,4345.0,8351.0,0.40171
541,2017-06-25,4345.0,8351.0,0.38514
542,2017-06-26,4390.0,5421.0,1.03772
543,2017-06-27,4305.0,9981.0,1.04629
544,2017-06-28,4205.0,2477.0,1.03029
545,2017-06-29,4190.0,9071.0,1.01544
546,2017-06-30,4335.0,10509.0,0.85772
547,2017-07-01,4335.0,10509.0,0.36228
548,2017-07-02,4335.0,10509.0,0.35657
549,2017-07-03,4360.0,2670.0,1.70973
550,2017-07-04,4385.0,5354.0,0.98001
551,2017-07-05,4410.0,5728.0,0.91658
552,2017-07-06,4425.0,6975.0,1.02344
553,2017-07-07,4425.0,8158.0,0.8628600000000001
554,2017-07-08,4425.0,8158.0,0.32971
555,2017-07-09,4425.0,8158.0,0.28057
556,2017-07-10,4410.0,21883.0,0.8440000000000001
557,2017-07-11,4410.0,17899.0,0.91086
558,2017-07-12,4350.0,5917.0,1.12687
559,2017-07-13,4230.0,9387.0,1.32172
560,2017-07-14,4290.0,3466.0,1.19315
561,2017-07-15,4290.0,3466.0,0.57543
562,2017-07-16,4290.0,3466.0,0.46229
563,2017-07-17,4280.0,3244.0,1.45658
564,2017-07-18,4310.0,1193.0,1.37144
565,2017-07-19,4300.0,6892.0,1.44287
566,2017-07-20,4280.0,4818.0,1.25201
567,2017-07-21,4400.0,36737.0,1.09372
568,2017-07-22,4400.0,36737.0,0.47200000000000003
569,2017-07-23,4400.0,36737.0,0.54857
570,2017-07-24,4360.0,4094.0,1.3823
571,2017-07-25,4220.0,8187.0,1.02629
572,2017-07-26,4200.0,2913.0,1.10686
573,2017-07-27,4190.0,9338.0,1.06744
574,2017-07-28,4180.0,2076.0,1.07829
575,2017-07-29,4180.0,2076.0,0.41143
576,2017-07-30,4180.0,2076.0,0.40457
577,2017-07-31,4055.0,11870.0,1.06572
578,2017-08-01,4150.0,4433.0,1.18744
579,2017-08-02,4150.0,3285.0,20.48651
580,2017-08-03,4150.0,4817.0,1.2182899999999999
581,2017-08-04,4180.0,5841.0,1.11429
582,2017-08-05,4180.0,5841.0,0.452
583,2017-08-06,4180.0,5841.0,0.408
584,2017-08-07,4140.0,9333.0,0.8885799999999999
585,2017-08-08,4055.0,7532.0,0.8880100000000001
586,2017-08-09,4010.0,7512.0,0.8840100000000001
587,2017-08-10,3980.0,14177.0,0.79486
588,2017-08-11,3965.0,5868.0,0.8079999999999999
589,2017-08-12,3965.0,5868.0,0.36343000000000003
590,2017-08-13,3965.0,5868.0,0.336
591,2017-08-14,4285.0,15089.0,0.8937200000000001
592,2017-08-15,4285.0,15089.0,0.41943
593,2017-08-16,4290.0,10546.0,0.81486
594,2017-08-17,4335.0,10521.0,0.86229
595,2017-08-18,4250.0,5812.0,0.79372
596,2017-08-19,4250.0,5812.0,0.37314
597,2017-08-20,4250.0,5812.0,0.36514
598,2017-08-21,4185.0,7056.0,0.76915
599,2017-08-22,4110.0,2838.0,0.80629
600,2017-08-23,3990.0,7860.0,0.8965799999999999
601,2017-08-24,4010.0,5973.0,0.93315
602,2017-08-25,4015.0,15218.0,0.70686
603,2017-08-26,4015.0,15218.0,0.336
604,2017-08-27,4015.0,15218.0,0.29828000000000005
605,2017-08-28,4080.0,8387.0,0.70915
606,2017-08-29,4030.0,4977.0,0.68115
607,2017-08-30,4050.0,2264.0,0.70343
608,2017-08-31,4025.0,7274.0,0.66686
609,2017-09-01,4030.0,5258.0,0.7388600000000001
610,2017-09-02,4030.0,5258.0,0.31828
611,2017-09-03,4030.0,5258.0,0.29370999999999997
612,2017-09-04,3970.0,10322.0,0.6502899999999999
613,2017-09-05,4000.0,4395.0,0.68915
614,2017-09-06,3960.0,1254.0,0.69943
615,2017-09-07,4030.0,2936.0,0.69486
616,2017-09-08,3995.0,2935.0,0.9040100000000001
617,2017-09-09,3995.0,2935.0,0.54114
618,2017-09-10,3995.0,2935.0,0.56172
619,2017-09-11,3970.0,5571.0,1.09886
620,2017-09-12,3995.0,2740.0,1.0165799999999998
621,2017-09-13,3985.0,3655.0,0.9137200000000001
622,2017-09-14,3860.0,8273.0,0.98401
623,2017-09-15,3780.0,6065.0,1.0765799999999999
624,2017-09-16,3780.0,6065.0,0.65086
625,2017-09-17,3780.0,6065.0,0.81543
626,2017-09-18,3830.0,6303.0,1.62801
627,2017-09-19,3750.0,7892.0,2.51831
628,2017-09-20,3805.0,5212.0,15.38817
629,2017-09-21,3840.0,3921.0,100.0
630,2017-09-22,3840.0,2134.0,2.09145
631,2017-09-23,3840.0,2134.0,0.40286
632,2017-09-24,3840.0,2134.0,0.41200000000000003
633,2017-09-25,3640.0,9434.0,0.71772
634,2017-09-26,3605.0,4550.0,0.72915
635,2017-09-27,3580.0,2673.0,0.74857
636,2017-09-28,3590.0,5252.0,0.684
637,2017-09-29,3675.0,682.0,1.76973
638,2017-09-30,3675.0,682.0,0.37256999999999996
639,2017-10-01,3675.0,682.0,0.28
640,2017-10-02,3675.0,682.0,0.30114
641,2017-10-03,3675.0,682.0,0.29828000000000005
642,2017-10-04,3675.0,682.0,0.26914
643,2017-10-05,3675.0,682.0,0.304
644,2017-10-06,3675.0,682.0,0.33428
645,2017-10-07,3675.0,682.0,0.30514
646,2017-10-08,3675.0,682.0,0.35543
647,2017-10-09,3675.0,682.0,0.47029
648,2017-10-10,3675.0,2913.0,0.9057200000000001
649,2017-10-11,3670.0,1706.0,0.8297200000000001
650,2017-10-12,3675.0,1696.0,0.7902899999999999
651,2017-10-13,3665.0,1755.0,0.81772
652,2017-10-14,3665.0,1755.0,0.4
653,2017-10-15,3665.0,1755.0,0.39657
654,2017-10-16,3575.0,5292.0,0.8274299999999999
655,2017-10-17,3500.0,7272.0,0.86115
656,2017-10-18,3470.0,4180.0,0.8645799999999999
657,2017-10-19,3450.0,3369.0,0.95715
658,2017-10-20,3450.0,3366.0,0.7417199999999999
659,2017-10-21,3450.0,3366.0,0.29257
660,2017-10-22,3450.0,3366.0,0.276
661,2017-10-23,3495.0,1812.0,0.7662899999999999
662,2017-10-24,3485.0,2083.0,0.70229
663,2017-10-25,3535.0,4758.0,0.7885800000000001
664,2017-10-26,3555.0,4372.0,0.96972
665,2017-10-27,3605.0,1205.0,0.7245699999999999
666,2017-10-28,3605.0,1205.0,0.5382899999999999
667,2017-10-29,3605.0,1205.0,0.55714
668,2017-10-30,3680.0,1908.0,0.9925799999999999
669,2017-10-31,3715.0,363.0,0.9097200000000001
670,2017-11-01,3745.0,3656.0,0.85772
671,2017-11-02,3660.0,3452.0,0.80629
672,2017-11-03,3700.0,125.0,0.77772
673,2017-11-04,3700.0,125.0,0.32228
674,2017-11-05,3700.0,125.0,0.32343
675,2017-11-06,3605.0,5344.0,0.73543
676,2017-11-07,3565.0,2486.0,0.7468600000000001
677,2017-11-08,3460.0,9202.0,0.8325799999999999
678,2017-11-09,3425.0,3022.0,0.8285799999999999
679,2017-11-10,3510.0,11072.0,0.7457199999999999
680,2017-11-11,3510.0,11072.0,0.29028000000000004
681,2017-11-12,3510.0,11072.0,0.36971
682,2017-11-13,3645.0,8826.0,0.7714300000000001
683,2017-11-14,3690.0,16522.0,0.72629
684,2017-11-15,3550.0,15371.0,0.8
685,2017-11-16,3450.0,9833.0,0.7508600000000001
686,2017-11-17,3425.0,5685.0,0.68229
687,2017-11-18,3425.0,5685.0,0.32686
688,2017-11-19,3425.0,5685.0,0.348
689,2017-11-20,3500.0,5909.0,0.7942899999999999
690,2017-11-21,3405.0,5823.0,1.8045900000000001
691,2017-11-22,3440.0,4573.0,0.94115
692,2017-11-23,3450.0,58289.0,0.848
693,2017-11-24,3430.0,4834.0,0.7902899999999999
694,2017-11-25,3430.0,4834.0,0.34171
695,2017-11-26,3430.0,4834.0,0.32971
696,2017-11-27,3455.0,6670.0,0.80229
697,2017-11-28,3470.0,1108.0,1.32344
698,2017-11-29,3475.0,3591.0,0.96229
699,2017-11-30,3515.0,10260.0,0.98801
700,2017-12-01,3540.0,3913.0,0.83029
701,2017-12-02,3540.0,3913.0,0.32799999999999996
702,2017-12-03,3540.0,3913.0,0.31256999999999996
703,2017-12-04,3440.0,3453.0,0.8725799999999999
704,2017-12-05,3500.0,4401.0,0.7782899999999999
705,2017-12-06,3500.0,1145.0,0.7440000000000001
706,2017-12-07,3450.0,5425.0,0.8045800000000001
707,2017-12-08,3405.0,1656.0,0.80629
708,2017-12-09,3405.0,1656.0,0.29486
709,2017-12-10,3405.0,1656.0,0.31085999999999997
710,2017-12-11,3420.0,5255.0,0.71715
711,2017-12-12,3450.0,3177.0,0.6759999999999999
712,2017-12-13,3445.0,4953.0,0.67429
713,2017-12-14,3470.0,882.0,0.81029
714,2017-12-15,3395.0,1967.0,0.72915
715,2017-12-16,3395.0,1967.0,0.30114
716,2017-12-17,3395.0,1967.0,0.30971
717,2017-12-18,3430.0,218.0,0.76343
718,2017-12-19,3245.0,22476.0,0.67543
719,2017-12-20,3015.0,6724.0,0.6554300000000001
720,2017-12-21,3045.0,4263.0,0.6308600000000001
721,2017-12-22,3100.0,1239.0,0.644
722,2017-12-23,3100.0,1239.0,0.244
723,2017-12-24,3100.0,1239.0,0.20228
724,2017-12-25,3100.0,1239.0,0.25371
725,2017-12-26,3115.0,1688.0,0.68
726,2017-12-27,3200.0,1863.0,0.68
727,2017-12-28,3200.0,2489.0,0.628
728,2017-12-29,3200.0,2489.0,0.39314
729,2017-12-30,3200.0,2489.0,0.24343
730,2017-12-31,3200.0,2489.0,0.212
731,2018-01-01,3200.0,2489.0,0.28628000000000003
732,2018-01-02,3140.0,2588.0,0.81143
733,2018-01-03,3160.0,2356.0,0.79943
734,2018-01-04,3090.0,3799.0,0.79315
735,2018-01-05,3145.0,5958.0,0.63886
736,2018-01-06,3145.0,5958.0,0.27486
737,2018-01-07,3145.0,5958.0,0.25371
738,2018-01-08,3085.0,3033.0,0.73829
739,2018-01-09,3090.0,4728.0,0.75772
740,2018-01-10,3085.0,2888.0,0.8365799999999999
741,2018-01-11,3535.0,186850.0,0.81543
742,2018-01-12,3350.0,35435.0,0.81258
743,2018-01-13,3350.0,35435.0,0.40743
744,2018-01-14,3350.0,35435.0,0.37428
745,2018-01-15,3430.0,9693.0,0.89086
746,2018-01-16,3430.0,13678.0,0.91315
747,2018-01-17,3350.0,9507.0,0.84515
748,2018-01-18,3415.0,6829.0,0.78686
749,2018-01-19,3435.0,4239.0,0.71315
750,2018-01-20,3435.0,4239.0,0.30685999999999997
751,2018-01-21,3435.0,4239.0,0.32343
752,2018-01-22,3400.0,2588.0,0.76172
753,2018-01-23,3395.0,4865.0,0.83315
754,2018-01-24,3415.0,12041.0,0.94229
755,2018-01-25,3465.0,11314.0,0.99429
756,2018-01-26,3460.0,21877.0,0.8468600000000001
757,2018-01-27,3460.0,21877.0,0.31256999999999996
758,2018-01-28,3460.0,21877.0,0.364
759,2018-01-29,3755.0,68592.0,0.91943
760,2018-01-30,3765.0,33033.0,0.93601
761,2018-01-31,3890.0,91248.0,0.8645799999999999
762,2018-02-01,3850.0,14762.0,0.8880100000000001
763,2018-02-02,3920.0,32863.0,0.76915
764,2018-02-03,3920.0,32863.0,0.33886
765,2018-02-04,3920.0,32863.0,0.33657
766,2018-02-05,3870.0,93039.0,0.78458
767,2018-02-06,3840.0,25120.0,0.81429
768,2018-02-07,3800.0,13552.0,0.77886
769,2018-02-08,3885.0,10384.0,0.7862899999999999
770,2018-02-09,3755.0,14830.0,0.82515
771,2018-02-10,3755.0,14830.0,0.29028000000000004
772,2018-02-11,3755.0,14830.0,0.264
773,2018-02-12,3660.0,7399.0,0.76915
774,2018-02-13,3650.0,6764.0,0.68172
775,2018-02-14,3740.0,2198.0,0.59714
776,2018-02-15,3740.0,2198.0,0.2
777,2018-02-16,3740.0,2198.0,0.228
778,2018-02-17,3740.0,2198.0,0.20800000000000002
779,2018-02-18,3740.0,2198.0,0.22857
780,2018-02-19,3775.0,5177.0,0.70686
781,2018-02-20,3740.0,6019.0,0.7388600000000001
782,2018-02-21,3740.0,5615.0,0.71429
783,2018-02-22,3605.0,4473.0,0.78972
784,2018-02-23,3635.0,9963.0,0.80915
785,2018-02-24,3635.0,9963.0,0.36857
786,2018-02-25,3635.0,9963.0,0.31771
787,2018-02-26,3615.0,6019.0,0.72915
788,2018-02-27,3505.0,5484.0,0.8754299999999999
789,2018-02-28,3565.0,3628.0,0.67315
790,2018-03-01,3565.0,3628.0,0.35200000000000004
791,2018-03-02,3595.0,5200.0,0.71772
792,2018-03-03,3595.0,5200.0,0.30171
793,2018-03-04,3595.0,5200.0,0.28171
794,2018-03-05,3785.0,13218.0,0.68743
795,2018-03-06,3605.0,9484.0,0.74915
796,2018-03-07,3590.0,5622.0,0.92058
797,2018-03-08,3570.0,2048.0,0.8645799999999999
798,2018-03-09,3630.0,14240.0,0.82629
799,2018-03-10,3630.0,14240.0,0.40743
800,2018-03-11,3630.0,14240.0,0.33257
801,2018-03-12,3890.0,21683.0,0.8514299999999999
802,2018-03-13,3835.0,4641.0,0.89715
803,2018-03-14,3835.0,9714.0,0.848
804,2018-03-15,3975.0,14605.0,0.81829
805,2018-03-16,3940.0,8657.0,0.80515
806,2018-03-17,3940.0,8657.0,0.35086
807,2018-03-18,3940.0,8657.0,0.36914
808,2018-03-19,3980.0,6793.0,0.8828600000000001
809,2018-03-20,3970.0,14463.0,1.01429
810,2018-03-21,3990.0,4832.0,1.13829
811,2018-03-22,3875.0,5187.0,1.00801
812,2018-03-23,3875.0,3608.0,0.9554299999999999
813,2018-03-24,3875.0,3608.0,0.39886
814,2018-03-25,3875.0,3608.0,0.40399999999999997
815,2018-03-26,3835.0,2483.0,1.17544
816,2018-03-27,3730.0,10793.0,1.0965799999999999
817,2018-03-28,3850.0,24425.0,1.01201
818,2018-03-29,3860.0,2227.0,0.9045799999999999
819,2018-03-30,3885.0,4693.0,0.91543
820,2018-03-31,3885.0,4693.0,0.41486000000000006
821,2018-04-01,3885.0,4693.0,0.44514
822,2018-04-02,3810.0,7340.0,1.17715
823,2018-04-03,3755.0,5446.0,1.16687
824,2018-04-04,3595.0,11590.0,1.41773
825,2018-04-05,3605.0,5955.0,1.69373
826,2018-04-06,3635.0,7297.0,1.38973
827,2018-04-07,3635.0,7297.0,0.7285699999999999
828,2018-04-08,3635.0,7297.0,0.75372
829,2018-04-09,3775.0,5989.0,1.6394400000000002
830,2018-04-10,3670.0,3852.0,1.5925799999999999
831,2018-04-11,3645.0,7418.0,1.5560100000000001
832,2018-04-12,3740.0,2639.0,1.54116
833,2018-04-13,3740.0,3943.0,1.28572
834,2018-04-14,3740.0,3943.0,0.71315
835,2018-04-15,3740.0,3943.0,1.05772
836,2018-04-16,3690.0,7826.0,2.79946
837,2018-04-17,3675.0,3259.0,4.08061
838,2018-04-18,3770.0,10914.0,6.27778
839,2018-04-19,3780.0,6900.0,1.12001
840,2018-04-20,3905.0,36379.0,1.14058
841,2018-04-21,3905.0,36379.0,0.49143000000000003
842,2018-04-22,3905.0,36379.0,0.42571000000000003
843,2018-04-23,3860.0,39471.0,1.14572
844,2018-04-24,3950.0,22056.0,1.30515
845,2018-04-25,3920.0,8538.0,1.23601
846,2018-04-26,4000.0,28871.0,1.20915
847,2018-04-27,3960.0,5484.0,1.15658
848,2018-04-28,3960.0,5484.0,0.45543
849,2018-04-29,3960.0,5484.0,0.45657
850,2018-04-30,3985.0,22466.0,2.1080200000000002
851,2018-05-01,3985.0,22466.0,1.04115
852,2018-05-02,4170.0,49661.0,1.41373
853,2018-05-03,4215.0,27128.0,1.15429
854,2018-05-04,4240.0,19074.0,1.01086
855,2018-05-05,4240.0,19074.0,0.35028000000000004
856,2018-05-06,4240.0,19074.0,0.40514
857,2018-05-07,4240.0,19074.0,0.54743
858,2018-05-08,4290.0,38005.0,1.07315
859,2018-05-09,4320.0,26804.0,1.10229
860,2018-05-10,4300.0,15589.0,1.12001
861,2018-05-11,4335.0,27196.0,1.13944
862,2018-05-12,4335.0,27196.0,0.544
863,2018-05-13,4335.0,27196.0,0.42113999999999996
864,2018-05-14,4525.0,70117.0,1.14687
865,2018-05-15,5880.0,587435.0,1.18515
866,2018-05-16,7640.0,2003752.0,1.0388600000000001
867,2018-05-17,7110.0,1962731.0,1.0177200000000002
868,2018-05-18,6960.0,717868.0,1.02801
869,2018-05-19,6960.0,717868.0,0.444
870,2018-05-20,6960.0,717868.0,0.47600000000000003
871,2018-05-21,6980.0,359330.0,0.99715
872,2018-05-22,6980.0,359330.0,0.59543
873,2018-05-23,6380.0,405679.0,1.2765799999999998
874,2018-05-24,6040.0,209839.0,1.29201
875,2018-05-25,5940.0,247282.0,1.09372
876,2018-05-26,5940.0,247282.0,0.424
877,2018-05-27,5940.0,247282.0,0.43771000000000004
878,2018-05-28,6390.0,408505.0,1.12401
879,2018-05-29,6000.0,135169.0,1.15144
880,2018-05-30,5640.0,64943.0,1.11601
881,2018-05-31,5390.0,105517.0,1.17372
882,2018-06-01,5170.0,82362.0,1.11886
883,2018-06-02,5170.0,82362.0,0.5
884,2018-06-03,5170.0,82362.0,0.48913999999999996
885,2018-06-04,5260.0,57927.0,1.0885799999999999
886,2018-06-05,5110.0,98389.0,1.08515
887,2018-06-06,5110.0,98389.0,0.512
888,2018-06-07,4975.0,60601.0,1.42573
889,2018-06-08,5060.0,40343.0,1.16801
890,2018-06-09,5060.0,40343.0,0.46743
891,2018-06-10,5060.0,40343.0,0.42743000000000003
892,2018-06-11,5100.0,43564.0,1.15201
893,2018-06-12,4905.0,61533.0,1.34115
894,2018-06-13,4905.0,61533.0,0.54
895,2018-06-14,4975.0,45443.0,1.05315
896,2018-06-15,5070.0,22621.0,0.9925799999999999
897,2018-06-16,5070.0,22621.0,0.43428999999999995
898,2018-06-17,5070.0,22621.0,0.42171000000000003
899,2018-06-18,5720.0,772391.0,1.19258
900,2018-06-19,6000.0,200640.0,0.96972
901,2018-06-20,6620.0,860290.0,0.95715
902,2018-06-21,5810.0,235755.0,0.96229
903,2018-06-22,5150.0,216119.0,0.82
904,2018-06-23,5150.0,216119.0,0.41313999999999995
905,2018-06-24,5150.0,216119.0,0.39886
906,2018-06-25,4960.0,69749.0,0.87715
907,2018-06-26,4720.0,100686.0,1.01601
908,2018-06-27,4385.0,81647.0,0.8594299999999999
909,2018-06-28,4420.0,45536.0,0.76058
910,2018-06-29,4465.0,19793.0,0.8885799999999999
911,2018-06-30,4465.0,19793.0,0.46913999999999995
912,2018-07-01,4465.0,19793.0,0.44856999999999997
913,2018-07-02,4520.0,36504.0,0.94858
914,2018-07-03,5050.0,146225.0,0.8960100000000001
915,2018-07-04,4870.0,75163.0,0.89543
916,2018-07-05,5000.0,25684.0,0.8748600000000001
917,2018-07-06,4765.0,36250.0,0.8508600000000001
918,2018-07-07,4765.0,36250.0,0.38171
919,2018-07-08,4765.0,36250.0,0.35657
920,2018-07-09,4425.0,41002.0,0.7959999999999999
921,2018-07-10,4570.0,16455.0,0.81315
922,2018-07-11,4645.0,19543.0,0.86229
923,2018-07-12,4680.0,13860.0,0.91315
924,2018-07-13,4690.0,10629.0,0.8794299999999999
925,2018-07-14,4690.0,10629.0,0.42628999999999995
926,2018-07-15,4690.0,10629.0,0.37028
927,2018-07-16,4940.0,24871.0,1.2725799999999998
928,2018-07-17,5460.0,199576.0,1.33944
929,2018-07-18,5010.0,64412.0,1.2697200000000002
930,2018-07-19,4730.0,25051.0,1.12115
931,2018-07-20,4590.0,14260.0,0.95315
932,2018-07-21,4590.0,14260.0,0.45886000000000005
933,2018-07-22,4590.0,14260.0,0.44228999999999996
934,2018-07-23,4650.0,42218.0,1.16115
935,2018-07-24,4835.0,19287.0,1.13315
936,2018-07-25,4680.0,42188.0,0.99029
937,2018-07-26,4900.0,22045.0,1.04344
938,2018-07-27,4990.0,23568.0,0.88115
939,2018-07-28,4990.0,23568.0,0.35257
940,2018-07-29,4990.0,23568.0,0.35370999999999997
941,2018-07-30,5040.0,59449.0,0.94915
942,2018-07-31,5060.0,22578.0,1.01086
943,2018-08-01,4910.0,22922.0,1.9491599999999998
944,2018-08-02,4875.0,9805.0,1.48515
945,2018-08-03,4765.0,10922.0,1.30915
946,2018-08-04,4765.0,10922.0,0.51257
947,2018-08-05,4765.0,10922.0,0.48457
948,2018-08-06,4705.0,16455.0,1.13372
949,2018-08-07,4830.0,16615.0,0.9845799999999999
950,2018-08-08,4750.0,14942.0,0.9868600000000001
951,2018-08-09,4650.0,29456.0,1.05315
952,2018-08-10,4775.0,15251.0,0.96286
953,2018-08-11,4775.0,15251.0,0.41771
954,2018-08-12,4775.0,15251.0,0.384
955,2018-08-13,4820.0,14065.0,1.77259
956,2018-08-14,4845.0,10645.0,1.6560099999999998
957,2018-08-15,4845.0,10645.0,0.67657
958,2018-08-16,4840.0,6873.0,1.85887
959,2018-08-17,5000.0,19698.0,1.3125799999999999
960,2018-08-18,5000.0,19698.0,0.38514
961,2018-08-19,5000.0,19698.0,0.37943000000000005
962,2018-08-20,5040.0,17055.0,1.49773
963,2018-08-21,5280.0,86494.0,1.43201
964,2018-08-22,5280.0,19097.0,1.2314399999999999
965,2018-08-23,5290.0,10545.0,1.10972
966,2018-08-24,5190.0,13984.0,1.12629
967,2018-08-25,5190.0,13984.0,0.35886
968,2018-08-26,5190.0,13984.0,0.38629
969,2018-08-27,5010.0,18763.0,1.05944
970,2018-08-28,4910.0,10096.0,1.13887
971,2018-08-29,4920.0,7513.0,1.10115
972,2018-08-30,5100.0,25527.0,0.9920100000000001
973,2018-08-31,5060.0,5194.0,1.02572
974,2018-09-01,5060.0,5194.0,0.32114000000000004
975,2018-09-02,5060.0,5194.0,0.31886
976,2018-09-03,5140.0,11104.0,1.12172
977,2018-09-04,5190.0,23529.0,1.47373
978,2018-09-05,5060.0,14533.0,1.63601
979,2018-09-06,5000.0,6819.0,1.83202
980,2018-09-07,4975.0,10654.0,1.46858
981,2018-09-08,4975.0,10654.0,0.49886
982,2018-09-09,4975.0,10654.0,0.49143000000000003
983,2018-09-10,5150.0,21252.0,1.6400099999999997
984,2018-09-11,5320.0,31547.0,1.54344
985,2018-09-12,5200.0,11019.0,1.70344
986,2018-09-13,5110.0,16547.0,1.6891599999999998
987,2018-09-14,5130.0,11036.0,1.64516
988,2018-09-15,5130.0,11036.0,0.70743
989,2018-09-16,5130.0,11036.0,0.828
990,2018-09-17,4980.0,14157.0,2.4297400000000002
991,2018-09-18,5030.0,9586.0,2.7446
992,2018-09-19,5010.0,8599.0,1.00801
993,2018-09-20,4900.0,21848.0,1.02115
994,2018-09-21,5040.0,11142.0,1.02401
995,2018-09-22,5040.0,11142.0,0.34343
996,2018-09-23,5040.0,11142.0,0.30171
997,2018-09-24,5040.0,11142.0,0.30914
998,2018-09-25,5040.0,11142.0,0.30856999999999996
999,2018-09-26,5040.0,11142.0,0.36743000000000003
1000,2018-09-27,4995.0,2465.0,1.06915
1001,2018-09-28,5000.0,4882.0,21.9271
1002,2018-09-29,5000.0,4882.0,0.43943000000000004
1003,2018-09-30,5000.0,4882.0,0.41886
1004,2018-10-01,4915.0,10510.0,0.98172
1005,2018-10-02,4750.0,12570.0,0.8754299999999999
1006,2018-10-03,4750.0,12570.0,0.428
1007,2018-10-04,4750.0,7180.0,1.04172
1008,2018-10-05,4725.0,6464.0,1.13487
1009,2018-10-06,4725.0,6464.0,0.41143
1010,2018-10-07,4725.0,6464.0,0.33428
1011,2018-10-08,4825.0,2660.0,1.10172
1012,2018-10-09,4825.0,2660.0,0.8714299999999999
1013,2018-10-10,4620.0,6162.0,1.08572
1014,2018-10-11,4380.0,8119.0,1.11086
1015,2018-10-12,4490.0,6545.0,0.9605799999999999
1016,2018-10-13,4490.0,6545.0,0.40686
1017,2018-10-14,4490.0,6545.0,0.47543
1018,2018-10-15,4490.0,5080.0,1.01829
1019,2018-10-16,4545.0,3003.0,1.04572
1020,2018-10-17,4490.0,2275.0,1.0034399999999999
1021,2018-10-18,4525.0,1811.0,0.84515
1022,2018-10-19,4520.0,6857.0,0.90686
1023,2018-10-20,4520.0,6857.0,0.39657
1024,2018-10-21,4520.0,6857.0,0.28914
1025,2018-10-22,4460.0,1328.0,0.78172
1026,2018-10-23,4430.0,4139.0,0.96115
1027,2018-10-24,4400.0,9698.0,1.10515
1028,2018-10-25,4165.0,4065.0,1.04172
1029,2018-10-26,4165.0,14106.0,0.81086
1030,2018-10-27,4165.0,14106.0,0.29143
1031,2018-10-28,4165.0,14106.0,0.29028000000000004
1032,2018-10-29,4115.0,9660.0,0.9000100000000001
1033,2018-10-30,4200.0,13970.0,0.92001
1034,2018-10-31,4240.0,4335.0,0.86972
1035,2018-11-01,4265.0,1621.0,0.7902899999999999
1036,2018-11-02,4175.0,17493.0,0.76286
1037,2018-11-03,4175.0,17493.0,0.31771
1038,2018-11-04,4175.0,17493.0,0.32343
1039,2018-11-05,4085.0,4960.0,0.82515
1040,2018-11-06,4050.0,7101.0,0.70915
1041,2018-11-07,3920.0,8410.0,0.7982899999999999
1042,2018-11-08,4010.0,3714.0,0.85715
1043,2018-11-09,3985.0,1010.0,0.752
1044,2018-11-10,3985.0,1010.0,0.36514
1045,2018-11-11,3985.0,1010.0,0.32343
1046,2018-11-12,3990.0,713.0,0.82115
1047,2018-11-13,4000.0,1412.0,0.77886
1048,2018-11-14,4015.0,3021.0,0.78115
1049,2018-11-15,4130.0,1759.0,0.76972
1050,2018-11-16,4165.0,1543.0,0.7879999999999999
1051,2018-11-17,4165.0,1543.0,0.31543000000000004
1052,2018-11-18,4165.0,1543.0,0.31256999999999996
1053,2018-11-19,4155.0,3894.0,0.81429
1054,2018-11-20,4180.0,636.0,0.82058
1055,2018-11-21,4185.0,1144.0,0.8285799999999999
1056,2018-11-22,4120.0,2697.0,0.76572
1057,2018-11-23,4105.0,1789.0,0.70515
1058,2018-11-24,4105.0,1789.0,0.29257
1059,2018-11-25,4105.0,1789.0,0.27657
1060,2018-11-26,4015.0,3721.0,0.9457200000000001
1061,2018-11-27,3990.0,5612.0,0.96401
1062,2018-11-28,4005.0,2872.0,0.8668600000000001
1063,2018-11-29,4005.0,1643.0,0.868
1064,2018-11-30,3990.0,2710.0,0.66857
1065,2018-12-01,3990.0,2710.0,0.3
1066,2018-12-02,3990.0,2710.0,0.25771
1067,2018-12-03,3890.0,12078.0,0.77372
1068,2018-12-04,3880.0,2735.0,0.8257200000000001
1069,2018-12-05,3995.0,16414.0,0.732
1070,2018-12-06,3945.0,5116.0,0.7308600000000001
1071,2018-12-07,3995.0,2071.0,2.5863099999999997
1072,2018-12-08,3995.0,2071.0,0.36914
1073,2018-12-09,3995.0,2071.0,0.29657
1074,2018-12-10,3895.0,2036.0,1.0925799999999999
1075,2018-12-11,3725.0,13547.0,0.9577200000000001
1076,2018-12-12,3730.0,6359.0,0.80572
1077,2018-12-13,3780.0,3394.0,0.74
1078,2018-12-14,3800.0,1416.0,0.6382899999999999
1079,2018-12-15,3800.0,1416.0,0.29257
1080,2018-12-16,3800.0,1416.0,0.31314000000000003
1081,2018-12-17,3785.0,2319.0,0.71772
1082,2018-12-18,3790.0,7667.0,0.62457
1083,2018-12-19,3745.0,3668.0,0.67657
1084,2018-12-20,3685.0,5383.0,0.67257
1085,2018-12-21,3670.0,2692.0,0.6342899999999999
1086,2018-12-22,3670.0,2692.0,0.26286
1087,2018-12-23,3670.0,2692.0,0.23485
1088,2018-12-24,3585.0,5831.0,0.60572
1089,2018-12-25,3585.0,5831.0,0.25771
1090,2018-12-26,3560.0,5199.0,1.32172
1091,2018-12-27,3580.0,2306.0,0.96229
1092,2018-12-28,3620.0,6497.0,0.73657
1093,2018-12-29,3620.0,6497.0,0.30514
1094,2018-12-30,3620.0,6497.0,0.27657
1095,2018-12-31,3620.0,6497.0,0.38799999999999996
1096,2019-01-01,3620.0,6497.0,0.25943
1097,2019-01-02,3770.0,7747.0,0.69372
1098,2019-01-03,3855.0,7264.0,0.688
1099,2019-01-04,3900.0,2489.0,0.69943
1100,2019-01-05,3900.0,2489.0,0.29314
1101,2019-01-06,3900.0,2489.0,0.284
1102,2019-01-07,3905.0,4744.0,0.70115
1103,2019-01-08,4100.0,44901.0,0.688
1104,2019-01-09,4015.0,4355.0,0.70686
1105,2019-01-10,4070.0,2271.0,0.64
1106,2019-01-11,4140.0,2381.0,0.63315
1107,2019-01-12,4140.0,2381.0,0.25943
1108,2019-01-13,4140.0,2381.0,0.41313999999999995
1109,2019-01-14,4075.0,1515.0,0.66115
1110,2019-01-15,4060.0,8997.0,0.72915
1111,2019-01-16,4130.0,2763.0,0.71486
1112,2019-01-17,4130.0,3747.0,0.70229
1113,2019-01-18,4050.0,5047.0,0.67315
1114,2019-01-19,4050.0,5047.0,0.27371
1115,2019-01-20,4050.0,5047.0,0.25428
1116,2019-01-21,4060.0,2604.0,0.68572
1117,2019-01-22,4100.0,3276.0,0.68629
1118,2019-01-23,4210.0,18485.0,0.6137199999999999
1119,2019-01-24,4130.0,3106.0,0.7
1120,2019-01-25,4225.0,3477.0,0.70572
1121,2019-01-26,4225.0,3477.0,0.34343
1122,2019-01-27,4225.0,3477.0,0.31886
1123,2019-01-28,4165.0,10298.0,0.81372
1124,2019-01-29,4105.0,2782.0,0.7674300000000001
1125,2019-01-30,4180.0,4861.0,0.71029
1126,2019-01-31,4195.0,5208.0,0.7040000000000001
1127,2019-02-01,4825.0,508956.0,0.6662899999999999
1128,2019-02-02,4825.0,508956.0,0.26743
1129,2019-02-03,4825.0,508956.0,0.30856999999999996
1130,2019-02-04,4825.0,508956.0,0.34970999999999997
1131,2019-02-05,4825.0,508956.0,0.24343
1132,2019-02-06,4825.0,508956.0,0.24971
1133,2019-02-07,4780.0,60731.0,0.78515
1134,2019-02-08,4720.0,35774.0,0.7622899999999999
1135,2019-02-09,4720.0,35774.0,0.31886
1136,2019-02-10,4720.0,35774.0,0.32
1137,2019-02-11,4655.0,22058.0,0.7268600000000001
1138,2019-02-12,4655.0,14263.0,0.69829
1139,2019-02-13,4600.0,16981.0,0.7120000000000001
1140,2019-02-14,4675.0,8602.0,0.70515
1141,2019-02-15,4640.0,4872.0,0.684
1142,2019-02-16,4640.0,4872.0,0.27886
1143,2019-02-17,4640.0,4872.0,0.31828
1144,2019-02-18,4600.0,7718.0,0.7040000000000001
1145,2019-02-19,4625.0,10446.0,0.7285699999999999
1146,2019-02-20,4505.0,6323.0,0.74057
1147,2019-02-21,4615.0,9777.0,0.70743
1148,2019-02-22,4610.0,4390.0,0.848
1149,2019-02-23,4610.0,4390.0,0.34628000000000003
1150,2019-02-24,4610.0,4390.0,0.30628
1151,2019-02-25,4590.0,12018.0,0.71429
1152,2019-02-26,4405.0,29622.0,0.72343
1153,2019-02-27,4490.0,11792.0,0.67829
1154,2019-02-28,4200.0,16108.0,0.70057
1155,2019-03-01,4200.0,16108.0,0.31543000000000004
1156,2019-03-02,4200.0,16108.0,0.28343
1157,2019-03-03,4200.0,16108.0,0.28743
1158,2019-03-04,4380.0,9145.0,0.7348600000000001
1159,2019-03-05,4490.0,17280.0,0.8297200000000001
1160,2019-03-06,4570.0,5467.0,0.7622899999999999
1161,2019-03-07,4550.0,2221.0,0.7440000000000001
1162,2019-03-08,4530.0,6481.0,0.752
1163,2019-03-09,4530.0,6481.0,0.32286
1164,2019-03-10,4530.0,6481.0,0.32799999999999996
1165,2019-03-11,4505.0,6519.0,0.82686
1166,2019-03-12,4590.0,4769.0,0.856
1167,2019-03-13,4680.0,21655.0,0.80515
1168,2019-03-14,4690.0,8120.0,0.84172
1169,2019-03-15,4620.0,16731.0,0.8240000000000001
1170,2019-03-16,4620.0,16731.0,0.31714000000000003
1171,2019-03-17,4620.0,16731.0,0.32228
1172,2019-03-18,4655.0,18516.0,0.7862899999999999
1173,2019-03-19,4660.0,5336.0,0.81029
1174,2019-03-20,4675.0,6490.0,0.8634299999999999
1175,2019-03-21,4685.0,10131.0,0.92743
1176,2019-03-22,4680.0,1749.0,0.93886
1177,2019-03-23,4680.0,1749.0,0.45543
1178,2019-03-24,4680.0,1749.0,0.53086
1179,2019-03-25,4700.0,5790.0,0.9257200000000001
1180,2019-03-26,4715.0,18751.0,0.98172
1181,2019-03-27,5130.0,285626.0,1.02229
1182,2019-03-28,5540.0,247658.0,1.00058
1183,2019-03-29,5620.0,72837.0,0.9577200000000001
1184,2019-03-30,5620.0,72837.0,0.34457
1185,2019-03-31,5620.0,72837.0,0.34057
1186,2019-04-01,5610.0,26077.0,1.03086
1187,2019-04-02,5700.0,28288.0,1.0485799999999998
1188,2019-04-03,5790.0,27353.0,1.03201
1189,2019-04-04,5950.0,26462.0,0.9514299999999999
1190,2019-04-05,6000.0,66475.0,0.83886
1191,2019-04-06,6000.0,66475.0,0.38799999999999996
1192,2019-04-07,6000.0,66475.0,0.38514
1193,2019-04-08,6000.0,55298.0,1.40458
1194,2019-04-09,6000.0,33484.0,1.3183
1195,2019-04-10,5970.0,19323.0,1.27372
1196,2019-04-11,5950.0,6504.0,1.17772
1197,2019-04-12,5900.0,37570.0,1.07715
1198,2019-04-13,5900.0,37570.0,0.71429
1199,2019-04-14,5900.0,37570.0,0.8880100000000001
1200,2019-04-15,6010.0,14440.0,1.62344
1201,2019-04-16,6260.0,28034.0,1.7588700000000002
1202,2019-04-17,6300.0,34299.0,1.94002
1203,2019-04-18,6300.0,24074.0,2.80003
1204,2019-04-19,6390.0,19039.0,2.5537400000000003
1205,2019-04-20,6390.0,19039.0,0.5091399999999999
1206,2019-04-21,6390.0,19039.0,0.48913999999999996
1207,2019-04-22,6810.0,53412.0,1.2257200000000001
1208,2019-04-23,6990.0,62647.0,1.2057200000000001
1209,2019-04-24,7030.0,28315.0,1.21144
1210,2019-04-25,7140.0,54632.0,1.19087
1211,2019-04-26,7430.0,78966.0,1.21201
1212,2019-04-27,7430.0,78966.0,0.45543
1213,2019-04-28,7430.0,78966.0,0.43543000000000004
1214,2019-04-29,7420.0,29032.0,1.2148700000000001
1215,2019-04-30,7460.0,10908.0,1.09086
1216,2019-05-01,7460.0,10908.0,0.5234300000000001
1217,2019-05-02,7500.0,14021.0,1.12629
1218,2019-05-03,7750.0,25327.0,1.3280100000000001
1219,2019-05-04,7750.0,25327.0,0.42
1220,2019-05-05,7750.0,25327.0,0.40686
1221,2019-05-06,7750.0,25327.0,0.44628999999999996
1222,2019-05-07,7810.0,11535.0,0.97429
1223,2019-05-08,7810.0,13319.0,1.00229
1224,2019-05-09,7330.0,64291.0,1.24229
1225,2019-05-10,7240.0,8839.0,1.16344
1226,2019-05-11,7240.0,8839.0,0.42171000000000003
1227,2019-05-12,7240.0,8839.0,0.46286000000000005
1228,2019-05-13,6550.0,163268.0,1.11772
1229,2019-05-14,6980.0,127470.0,1.18458
1230,2019-05-15,7350.0,41292.0,1.3405799999999999
1231,2019-05-16,7190.0,20242.0,1.62401
1232,2019-05-17,7340.0,14211.0,1.63487
1233,2019-05-18,7340.0,14211.0,0.5342899999999999
1234,2019-05-19,7340.0,14211.0,0.6559999999999999
1235,2019-05-20,7320.0,31898.0,1.6520099999999998
1236,2019-05-21,7300.0,17274.0,1.38401
1237,2019-05-22,7110.0,22450.0,1.40058
1238,2019-05-23,6750.0,24106.0,1.46858
1239,2019-05-24,7080.0,21841.0,1.44515
1240,2019-05-25,7080.0,21841.0,0.54743
1241,2019-05-26,7080.0,21841.0,0.568
1242,2019-05-27,7190.0,57152.0,1.18229
1243,2019-05-28,7370.0,42692.0,1.29944
1244,2019-05-29,8230.0,326748.0,1.11715
1245,2019-05-30,8030.0,92208.0,1.08286
1246,2019-05-31,8060.0,59576.0,0.96972
1247,2019-06-01,8060.0,59576.0,0.44171000000000005
1248,2019-06-02,8060.0,59576.0,0.43543000000000004
1249,2019-06-03,7900.0,37092.0,1.0845799999999999
1250,2019-06-04,7700.0,43848.0,0.9885799999999999
1251,2019-06-05,8150.0,32201.0,1.0165799999999998
1252,2019-06-06,8150.0,32201.0,0.50057
1253,2019-06-07,8280.0,29124.0,0.9045799999999999
1254,2019-06-08,8280.0,29124.0,0.35771
1255,2019-06-09,8280.0,29124.0,0.33886
1256,2019-06-10,8290.0,14979.0,0.94801
1257,2019-06-11,8280.0,21708.0,0.91715
1258,2019-06-12,8260.0,11122.0,1.00458
1259,2019-06-13,7940.0,29187.0,1.02401
1260,2019-06-14,7950.0,37506.0,0.90286
1261,2019-06-15,7950.0,37506.0,0.384
1262,2019-06-16,7950.0,37506.0,0.35143
1263,2019-06-17,7830.0,15742.0,0.91715
1264,2019-06-18,7630.0,31066.0,0.96915
1265,2019-06-19,7530.0,22995.0,4.9394800000000005
1266,2019-06-20,7460.0,17205.0,2.9726
1267,2019-06-21,7510.0,14098.0,1.40915
1268,2019-06-22,7510.0,14098.0,0.60743
1269,2019-06-23,7510.0,14098.0,0.61657
1270,2019-06-24,7500.0,8541.0,1.17029
1271,2019-06-25,7640.0,28578.0,1.00515
1272,2019-06-26,7750.0,26338.0,0.9954299999999999
1273,2019-06-27,7550.0,20701.0,0.91315
1274,2019-06-28,7620.0,8422.0,0.91201
1275,2019-06-29,7620.0,8422.0,0.43086
1276,2019-06-30,7620.0,8422.0,0.45486000000000004
1277,2019-07-01,7830.0,29796.0,0.96172
1278,2019-07-02,7940.0,32062.0,0.97715
1279,2019-07-03,8070.0,38060.0,0.9645799999999999
1280,2019-07-04,7920.0,29824.0,1.01315
1281,2019-07-05,7740.0,24346.0,1.0205799999999998
1282,2019-07-06,7740.0,24346.0,0.42228999999999994
1283,2019-07-07,7740.0,24346.0,0.38514
1284,2019-07-08,7680.0,27587.0,0.9754299999999999
1285,2019-07-09,7680.0,12411.0,1.0245799999999998
1286,2019-07-10,7650.0,8720.0,0.87315
1287,2019-07-11,7550.0,24680.0,0.90515
1288,2019-07-12,7600.0,12317.0,0.8079999999999999
1289,2019-07-13,7600.0,12317.0,0.408
1290,2019-07-14,7600.0,12317.0,0.34228000000000003
1291,2019-07-15,7580.0,8645.0,0.99029
1292,2019-07-16,7240.0,45718.0,0.8760100000000001
1293,2019-07-17,7040.0,26044.0,0.8880100000000001
1294,2019-07-18,6860.0,21290.0,0.87829
1295,2019-07-19,6800.0,11587.0,0.8725799999999999
1296,2019-07-20,6800.0,11587.0,0.44628999999999996
1297,2019-07-21,6800.0,11587.0,0.37656999999999996
1298,2019-07-22,6820.0,4433.0,0.92686
1299,2019-07-23,6830.0,7966.0,0.92915
1300,2019-07-24,6580.0,12952.0,1.00744
1301,2019-07-25,6520.0,17400.0,0.86515
1302,2019-07-26,6530.0,7412.0,0.80743
1303,2019-07-27,6530.0,7412.0,0.43028999999999995
1304,2019-07-28,6530.0,7412.0,0.37143000000000004
1305,2019-07-29,6390.0,29807.0,0.89086
1306,2019-07-30,6870.0,31176.0,0.86115
1307,2019-07-31,7480.0,105283.0,0.8257200000000001
1308,2019-08-01,7500.0,55056.0,0.79772
1309,2019-08-02,7680.0,29137.0,0.8525799999999999
1310,2019-08-03,7680.0,29137.0,0.40914
1311,2019-08-04,7680.0,29137.0,0.44799999999999995
1312,2019-08-05,9980.0,682333.0,1.0548600000000001
1313,2019-08-06,8800.0,2835459.0,1.10001
1314,2019-08-07,9500.0,804033.0,0.9394299999999999
1315,2019-08-08,10500.0,1072889.0,0.9714299999999999
1316,2019-08-09,9840.0,467834.0,0.97601
1317,2019-08-10,9840.0,467834.0,0.44114
1318,2019-08-11,9840.0,467834.0,0.43371000000000004
1319,2019-08-12,9420.0,260888.0,0.9788600000000001
1320,2019-08-13,9030.0,197700.0,0.96572
1321,2019-08-14,9400.0,253089.0,1.09772
1322,2019-08-15,9400.0,253089.0,0.5422899999999999
1323,2019-08-16,9640.0,129092.0,1.06915
1324,2019-08-17,9640.0,129092.0,0.46057
1325,2019-08-18,9640.0,129092.0,0.91658
1326,2019-08-19,10250.0,243111.0,1.05544
1327,2019-08-20,10000.0,84883.0,1.43201
1328,2019-08-21,11400.0,538467.0,1.38401
1329,2019-08-22,11150.0,201521.0,1.20344
1330,2019-08-23,11100.0,73503.0,0.91543
1331,2019-08-24,11100.0,73503.0,0.41200000000000003
1332,2019-08-25,11100.0,73503.0,0.44343
1333,2019-08-26,10500.0,67643.0,1.04744
1334,2019-08-27,12250.0,508100.0,0.9514299999999999
1335,2019-08-28,13150.0,573473.0,0.92515
1336,2019-08-29,12500.0,123583.0,0.92858
1337,2019-08-30,12850.0,197435.0,0.89143
1338,2019-08-31,12850.0,197435.0,0.68515
1339,2019-09-01,12850.0,197435.0,0.70572
1340,2019-09-02,13000.0,96145.0,0.9377200000000001
1341,2019-09-03,13050.0,74849.0,0.96172
1342,2019-09-04,13500.0,78534.0,0.87315
1343,2019-09-05,12950.0,64363.0,0.8045800000000001
1344,2019-09-06,13350.0,51089.0,0.772
1345,2019-09-07,13350.0,51089.0,0.37886
1346,2019-09-08,13350.0,51089.0,0.36514
1347,2019-09-09,12750.0,65423.0,0.84229
1348,2019-09-10,12900.0,48099.0,1.18172
1349,2019-09-11,15000.0,491950.0,0.9754299999999999
1350,2019-09-12,15000.0,491950.0,0.47543
1351,2019-09-13,15000.0,491950.0,0.43828999999999996
1352,2019-09-14,15000.0,491950.0,0.7228600000000001
1353,2019-09-15,15000.0,491950.0,0.60343
1354,2019-09-16,14550.0,114886.0,1.2257200000000001
1355,2019-09-17,13700.0,88419.0,1.24629
1356,2019-09-18,13300.0,71463.0,1.16629
1357,2019-09-19,17250.0,481336.0,1.18344
1358,2019-09-20,15800.0,703948.0,1.21201
1359,2019-09-21,15800.0,703948.0,0.76686
1360,2019-09-22,15800.0,703948.0,1.0137200000000002
1361,2019-09-23,16300.0,181716.0,2.21888
1362,2019-09-24,17100.0,377186.0,2.5286
1363,2019-09-25,19300.0,428990.0,0.9222899999999999
