날짜,종가,전일비,시가,고가,저가,거래량
2016-01-01,7390.0,190.0,7250.0,7420.0,7180.0,553248.0
2016-01-02,7390.0,190.0,7250.0,7420.0,7180.0,553248.0
2016-01-03,7390.0,190.0,7250.0,7420.0,7180.0,553248.0
2016-01-04,7400.0,10.0,7450.0,7650.0,7300.0,1036218.0
2016-01-05,7700.0,300.0,7310.0,7700.0,7310.0,851881.0
2016-01-06,7940.0,240.0,7800.0,7960.0,7610.0,1885504.0
2016-01-07,7960.0,20.0,7990.0,8050.0,7820.0,1209204.0
2016-01-08,8030.0,70.0,7850.0,8030.0,7750.0,1317274.0
2016-01-09,8030.0,70.0,7850.0,8030.0,7750.0,1317274.0
2016-01-10,8030.0,70.0,7850.0,8030.0,7750.0,1317274.0
2016-01-11,8040.0,10.0,8060.0,8280.0,8000.0,1298994.0
2016-01-12,8150.0,110.0,8080.0,8220.0,8000.0,774513.0
2016-01-13,8150.0,0.0,8240.0,8240.0,8000.0,931174.0
2016-01-14,8170.0,20.0,8000.0,8200.0,7890.0,693593.0
2016-01-15,8090.0,80.0,8200.0,8240.0,8090.0,591837.0
2016-01-16,8090.0,80.0,8200.0,8240.0,8090.0,591837.0
2016-01-17,8090.0,80.0,8200.0,8240.0,8090.0,591837.0
2016-01-18,8330.0,240.0,8010.0,8360.0,8010.0,885673.0
2016-01-19,8320.0,10.0,8280.0,8400.0,8250.0,585457.0
2016-01-20,7900.0,420.0,8320.0,8340.0,7810.0,988807.0
2016-01-21,8220.0,320.0,7900.0,8240.0,7840.0,1003324.0
2016-01-22,8250.0,30.0,8260.0,8390.0,8160.0,634415.0
2016-01-23,8250.0,30.0,8260.0,8390.0,8160.0,634415.0
2016-01-24,8250.0,30.0,8260.0,8390.0,8160.0,634415.0
2016-01-25,8530.0,280.0,8290.0,8560.0,8230.0,1683621.0
2016-01-26,8850.0,320.0,8670.0,9060.0,8520.0,5929584.0
2016-01-27,8640.0,210.0,8910.0,8930.0,8530.0,2182541.0
2016-01-28,8620.0,20.0,8550.0,8630.0,8410.0,775912.0
2016-01-29,8510.0,110.0,8560.0,8590.0,8440.0,577593.0
2016-01-30,8510.0,110.0,8560.0,8590.0,8440.0,577593.0
2016-01-31,8510.0,110.0,8560.0,8590.0,8440.0,577593.0
2016-02-01,8580.0,70.0,8550.0,8640.0,8500.0,660811.0
2016-02-02,8560.0,20.0,8610.0,8610.0,8400.0,655603.0
2016-02-03,8500.0,60.0,8580.0,8780.0,8460.0,1175876.0
2016-02-04,8640.0,140.0,8560.0,8670.0,8370.0,844639.0
2016-02-05,8770.0,130.0,8690.0,8830.0,8570.0,1019312.0
2016-02-06,8770.0,130.0,8690.0,8830.0,8570.0,1019312.0
2016-02-07,8770.0,130.0,8690.0,8830.0,8570.0,1019312.0
2016-02-08,8770.0,130.0,8690.0,8830.0,8570.0,1019312.0
2016-02-09,8770.0,130.0,8690.0,8830.0,8570.0,1019312.0
2016-02-10,8770.0,130.0,8690.0,8830.0,8570.0,1019312.0
2016-02-11,8280.0,490.0,8800.0,8810.0,8280.0,1678926.0
2016-02-12,7720.0,560.0,8160.0,8260.0,7620.0,1438528.0
2016-02-13,7720.0,560.0,8160.0,8260.0,7620.0,1438528.0
2016-02-14,7720.0,560.0,8160.0,8260.0,7620.0,1438528.0
2016-02-15,7580.0,140.0,7830.0,7940.0,7530.0,1159818.0
2016-02-16,7630.0,50.0,7660.0,7770.0,7610.0,774350.0
2016-02-17,7180.0,450.0,7650.0,7710.0,7160.0,1352076.0
2016-02-18,7380.0,200.0,7260.0,7390.0,7260.0,677384.0
2016-02-19,7380.0,0.0,7440.0,7440.0,7290.0,481911.0
2016-02-20,7380.0,0.0,7440.0,7440.0,7290.0,481911.0
2016-02-21,7380.0,0.0,7440.0,7440.0,7290.0,481911.0
2016-02-22,7240.0,140.0,7330.0,7360.0,7210.0,514697.0
2016-02-23,7010.0,230.0,7300.0,7330.0,6970.0,924661.0
2016-02-24,7040.0,30.0,6930.0,7220.0,6920.0,511743.0
2016-02-25,6980.0,60.0,7070.0,7100.0,6960.0,379752.0
2016-02-26,7020.0,40.0,7030.0,7100.0,6970.0,366175.0
2016-02-27,7020.0,40.0,7030.0,7100.0,6970.0,366175.0
2016-02-28,7020.0,40.0,7030.0,7100.0,6970.0,366175.0
2016-02-29,7250.0,230.0,7000.0,7250.0,6980.0,495022.0
2016-03-01,7250.0,230.0,7000.0,7250.0,6980.0,495022.0
2016-03-02,7150.0,100.0,7260.0,7290.0,7130.0,488100.0
2016-03-03,7260.0,110.0,7200.0,7390.0,7160.0,709946.0
2016-03-04,7140.0,120.0,7300.0,7300.0,7120.0,506801.0
2016-03-05,7140.0,120.0,7300.0,7300.0,7120.0,506801.0
2016-03-06,7140.0,120.0,7300.0,7300.0,7120.0,506801.0
2016-03-07,7040.0,100.0,7180.0,7210.0,7030.0,558000.0
2016-03-08,7020.0,20.0,7020.0,7070.0,6920.0,664414.0
2016-03-09,6980.0,40.0,7000.0,7070.0,6970.0,417258.0
2016-03-10,7120.0,140.0,7010.0,7140.0,6990.0,506777.0
2016-03-11,7080.0,40.0,7120.0,7120.0,7020.0,301242.0
2016-03-12,7080.0,40.0,7120.0,7120.0,7020.0,301242.0
2016-03-13,7080.0,40.0,7120.0,7120.0,7020.0,301242.0
2016-03-14,7010.0,70.0,7140.0,7140.0,7010.0,454665.0
2016-03-15,7040.0,30.0,6990.0,7240.0,6990.0,441201.0
2016-03-16,7240.0,200.0,7040.0,7240.0,7030.0,610794.0
2016-03-17,7230.0,10.0,7260.0,7310.0,7180.0,482552.0
2016-03-18,7550.0,320.0,7260.0,7620.0,7260.0,1959650.0
2016-03-19,7550.0,320.0,7260.0,7620.0,7260.0,1959650.0
2016-03-20,7550.0,320.0,7260.0,7620.0,7260.0,1959650.0
2016-03-21,7760.0,210.0,7850.0,7880.0,7650.0,1524304.0
2016-03-22,7920.0,160.0,7810.0,8130.0,7800.0,2633995.0
2016-03-23,8150.0,230.0,7930.0,8230.0,7930.0,1719094.0
2016-03-24,8150.0,0.0,8100.0,8170.0,7960.0,1073450.0
2016-03-25,8170.0,20.0,8150.0,8250.0,8100.0,635537.0
2016-03-26,8170.0,20.0,8150.0,8250.0,8100.0,635537.0
2016-03-27,8170.0,20.0,8150.0,8250.0,8100.0,635537.0
2016-03-28,8000.0,170.0,8170.0,8180.0,7970.0,661406.0
2016-03-29,8220.0,220.0,8000.0,8250.0,8000.0,1079071.0
2016-03-30,8090.0,130.0,8260.0,8260.0,8050.0,516005.0
2016-03-31,7900.0,190.0,8120.0,8120.0,7830.0,643577.0
2016-04-01,7690.0,210.0,7860.0,7900.0,7660.0,723130.0
2016-04-02,7690.0,210.0,7860.0,7900.0,7660.0,723130.0
2016-04-03,7690.0,210.0,7860.0,7900.0,7660.0,723130.0
2016-04-04,8230.0,540.0,7720.0,8230.0,7720.0,1529933.0
2016-04-05,7970.0,260.0,8250.0,8250.0,7930.0,913761.0
2016-04-06,8000.0,30.0,7960.0,8140.0,7950.0,575586.0
2016-04-07,7910.0,90.0,7960.0,8000.0,7820.0,392308.0
2016-04-08,7910.0,0.0,7910.0,7940.0,7840.0,258017.0
2016-04-09,7910.0,0.0,7910.0,7940.0,7840.0,258017.0
2016-04-10,7910.0,0.0,7910.0,7940.0,7840.0,258017.0
2016-04-11,7820.0,90.0,7900.0,7910.0,7720.0,281556.0
2016-04-12,7440.0,380.0,7810.0,7810.0,7430.0,817423.0
2016-04-13,7440.0,380.0,7810.0,7810.0,7430.0,817423.0
2016-04-14,7210.0,230.0,7440.0,7550.0,7190.0,767629.0
2016-04-15,7290.0,80.0,7250.0,7310.0,7150.0,431953.0
2016-04-16,7290.0,80.0,7250.0,7310.0,7150.0,431953.0
2016-04-17,7290.0,80.0,7250.0,7310.0,7150.0,431953.0
2016-04-18,7260.0,30.0,7240.0,7310.0,7200.0,340520.0
2016-04-19,7530.0,270.0,7260.0,7590.0,7260.0,825475.0
2016-04-20,7330.0,200.0,7530.0,7530.0,7280.0,509506.0
2016-04-21,7420.0,90.0,7330.0,7510.0,7290.0,428393.0
2016-04-22,7730.0,310.0,7420.0,7880.0,7400.0,873652.0
2016-04-23,7730.0,310.0,7420.0,7880.0,7400.0,873652.0
2016-04-24,7730.0,310.0,7420.0,7880.0,7400.0,873652.0
2016-04-25,7670.0,60.0,7720.0,7840.0,7530.0,574403.0
2016-04-26,7680.0,10.0,7670.0,7880.0,7600.0,514050.0
2016-04-27,7910.0,230.0,7950.0,8050.0,7830.0,974307.0
2016-04-28,8050.0,140.0,8000.0,8130.0,7940.0,811310.0
2016-04-29,8090.0,40.0,8060.0,8130.0,7940.0,633540.0
2016-04-30,8090.0,40.0,8060.0,8130.0,7940.0,633540.0
2016-05-01,8090.0,40.0,8060.0,8130.0,7940.0,633540.0
2016-05-02,7900.0,190.0,8050.0,8120.0,7800.0,397031.0
2016-05-03,7990.0,90.0,7860.0,8030.0,7830.0,332303.0
2016-05-04,8080.0,90.0,7990.0,8150.0,7890.0,585043.0
2016-05-05,8080.0,90.0,7990.0,8150.0,7890.0,585043.0
2016-05-06,8080.0,90.0,7990.0,8150.0,7890.0,585043.0
2016-05-07,8080.0,90.0,7990.0,8150.0,7890.0,585043.0
2016-05-08,8080.0,90.0,7990.0,8150.0,7890.0,585043.0
2016-05-09,8330.0,250.0,8130.0,8450.0,8050.0,1559061.0
2016-05-10,8450.0,120.0,8350.0,8490.0,8230.0,847106.0
2016-05-11,8450.0,0.0,8470.0,8480.0,8290.0,547279.0
2016-05-12,8570.0,120.0,8460.0,8680.0,8370.0,784728.0
2016-05-13,8440.0,130.0,8570.0,8640.0,8440.0,536508.0
2016-05-14,8440.0,130.0,8570.0,8640.0,8440.0,536508.0
2016-05-15,8440.0,130.0,8570.0,8640.0,8440.0,536508.0
2016-05-16,8060.0,380.0,8480.0,8510.0,8000.0,1277009.0
2016-05-17,8040.0,20.0,8140.0,8180.0,7990.0,700421.0
2016-05-18,7710.0,330.0,8050.0,8060.0,7640.0,876038.0
2016-05-19,7510.0,200.0,7710.0,7760.0,7470.0,565315.0
2016-05-20,7520.0,10.0,7480.0,7650.0,7480.0,366785.0
2016-05-21,7520.0,10.0,7480.0,7650.0,7480.0,366785.0
2016-05-22,7520.0,10.0,7480.0,7650.0,7480.0,366785.0
2016-05-23,7590.0,70.0,7530.0,7700.0,7520.0,431640.0
2016-05-24,7490.0,100.0,7570.0,7590.0,7490.0,305095.0
2016-05-25,7590.0,100.0,7530.0,7690.0,7530.0,413813.0
2016-05-26,7370.0,220.0,7600.0,7680.0,7300.0,645022.0
2016-05-27,7410.0,40.0,7400.0,7520.0,7310.0,298511.0
2016-05-28,7410.0,40.0,7400.0,7520.0,7310.0,298511.0
2016-05-29,7410.0,40.0,7400.0,7520.0,7310.0,298511.0
2016-05-30,7680.0,270.0,7500.0,7750.0,7420.0,637902.0
2016-05-31,7610.0,70.0,7730.0,7750.0,7590.0,390277.0
2016-06-01,7640.0,30.0,7620.0,7770.0,7520.0,347361.0
2016-06-02,7650.0,10.0,7650.0,7710.0,7610.0,306880.0
2016-06-03,7580.0,70.0,7650.0,7690.0,7560.0,274555.0
2016-06-04,7580.0,70.0,7650.0,7690.0,7560.0,274555.0
2016-06-05,7580.0,70.0,7650.0,7690.0,7560.0,274555.0
2016-06-06,7580.0,70.0,7650.0,7690.0,7560.0,274555.0
2016-06-07,7580.0,0.0,7530.0,7720.0,7520.0,379206.0
2016-06-08,7960.0,380.0,7580.0,7960.0,7580.0,944093.0
2016-06-09,7880.0,80.0,7980.0,8050.0,7800.0,639312.0
2016-06-10,7840.0,40.0,7880.0,7920.0,7700.0,385405.0
2016-06-11,7840.0,40.0,7880.0,7920.0,7700.0,385405.0
2016-06-12,7840.0,40.0,7880.0,7920.0,7700.0,385405.0
2016-06-13,7640.0,200.0,7780.0,7780.0,7630.0,270186.0
2016-06-14,7500.0,140.0,7620.0,7680.0,7400.0,460138.0
2016-06-15,7450.0,50.0,7500.0,7560.0,7410.0,334043.0
2016-06-16,7310.0,140.0,7450.0,7540.0,7280.0,463331.0
2016-06-17,7420.0,110.0,7310.0,7510.0,7310.0,322453.0
2016-06-18,7420.0,110.0,7310.0,7510.0,7310.0,322453.0
2016-06-19,7420.0,110.0,7310.0,7510.0,7310.0,322453.0
2016-06-20,7510.0,90.0,7460.0,7560.0,7430.0,284736.0
2016-06-21,7430.0,80.0,7520.0,7530.0,7410.0,315607.0
2016-06-22,7390.0,40.0,7480.0,7480.0,7350.0,364664.0
2016-06-23,7360.0,30.0,7310.0,7440.0,7310.0,281141.0
2016-06-24,7000.0,360.0,7380.0,7450.0,6740.0,985583.0
2016-06-25,7000.0,360.0,7380.0,7450.0,6740.0,985583.0
2016-06-26,7000.0,360.0,7380.0,7450.0,6740.0,985583.0
2016-06-27,6950.0,50.0,6670.0,7030.0,6670.0,394902.0
2016-06-28,7200.0,250.0,6930.0,7200.0,6910.0,347831.0
2016-06-29,7340.0,140.0,7260.0,7360.0,7200.0,357614.0
2016-06-30,7370.0,30.0,7400.0,7410.0,7270.0,284672.0
2016-07-01,7360.0,10.0,7380.0,7430.0,7330.0,203144.0
2016-07-02,7360.0,10.0,7380.0,7430.0,7330.0,203144.0
2016-07-03,7360.0,10.0,7380.0,7430.0,7330.0,203144.0
2016-07-04,7550.0,190.0,7440.0,7640.0,7410.0,572596.0
2016-07-05,7550.0,0.0,7620.0,7620.0,7400.0,311532.0
2016-07-06,7460.0,90.0,7500.0,7520.0,7340.0,328303.0
2016-07-07,7510.0,50.0,7400.0,7600.0,7400.0,412487.0
2016-07-08,7390.0,120.0,7570.0,7590.0,7390.0,223208.0
2016-07-09,7390.0,120.0,7570.0,7590.0,7390.0,223208.0
2016-07-10,7390.0,120.0,7570.0,7590.0,7390.0,223208.0
2016-07-11,7550.0,160.0,7440.0,7580.0,7350.0,470162.0
2016-07-12,7620.0,70.0,7600.0,7740.0,7540.0,506785.0
2016-07-13,7600.0,20.0,7680.0,7680.0,7550.0,317637.0
2016-07-14,7540.0,60.0,7650.0,7650.0,7470.0,333886.0
2016-07-15,7630.0,90.0,7500.0,7730.0,7490.0,508434.0
2016-07-16,7630.0,90.0,7500.0,7730.0,7490.0,508434.0
2016-07-17,7630.0,90.0,7500.0,7730.0,7490.0,508434.0
2016-07-18,7850.0,220.0,7760.0,7950.0,7730.0,1004173.0
2016-07-19,7820.0,30.0,7880.0,7940.0,7800.0,541480.0
2016-07-20,7770.0,50.0,7890.0,7980.0,7760.0,676247.0
2016-07-21,7790.0,20.0,7780.0,7920.0,7780.0,641816.0
2016-07-22,7810.0,20.0,7880.0,7900.0,7770.0,427862.0
2016-07-23,7810.0,20.0,7880.0,7900.0,7770.0,427862.0
2016-07-24,7810.0,20.0,7880.0,7900.0,7770.0,427862.0
2016-07-25,8260.0,450.0,7900.0,8340.0,7860.0,2739159.0
2016-07-26,8210.0,50.0,8280.0,8290.0,8130.0,967518.0
2016-07-27,8020.0,190.0,8210.0,8250.0,8020.0,885609.0
2016-07-28,7950.0,70.0,8060.0,8160.0,7850.0,756320.0
2016-07-29,7910.0,40.0,7900.0,8000.0,7890.0,449969.0
2016-07-30,7910.0,40.0,7900.0,8000.0,7890.0,449969.0
2016-07-31,7910.0,40.0,7900.0,8000.0,7890.0,449969.0
2016-08-01,7730.0,180.0,7910.0,7920.0,7700.0,810867.0
2016-08-02,7390.0,340.0,7670.0,7690.0,7370.0,1302673.0
2016-08-03,7260.0,130.0,7270.0,7290.0,6990.0,1503021.0
2016-08-04,7220.0,40.0,7280.0,7340.0,7150.0,573727.0
2016-08-05,6940.0,280.0,7170.0,7290.0,6930.0,939190.0
2016-08-06,6940.0,280.0,7170.0,7290.0,6930.0,939190.0
2016-08-07,6940.0,280.0,7170.0,7290.0,6930.0,939190.0
2016-08-08,7210.0,270.0,6990.0,7210.0,6990.0,744798.0
2016-08-09,7240.0,30.0,7260.0,7300.0,7120.0,536287.0
2016-08-10,7340.0,100.0,7320.0,7370.0,7230.0,476126.0
2016-08-11,7080.0,260.0,7340.0,7340.0,7030.0,696582.0
2016-08-12,7100.0,20.0,7140.0,7180.0,7070.0,381151.0
2016-08-13,7100.0,20.0,7140.0,7180.0,7070.0,381151.0
2016-08-14,7100.0,20.0,7140.0,7180.0,7070.0,381151.0
2016-08-15,7100.0,20.0,7140.0,7180.0,7070.0,381151.0
2016-08-16,6960.0,140.0,7140.0,7170.0,6950.0,651881.0
2016-08-17,7020.0,60.0,6950.0,7070.0,6940.0,417016.0
2016-08-18,6810.0,210.0,7060.0,7110.0,6800.0,949126.0
2016-08-19,6840.0,30.0,6790.0,6940.0,6790.0,382584.0
2016-08-20,6840.0,30.0,6790.0,6940.0,6790.0,382584.0
2016-08-21,6840.0,30.0,6790.0,6940.0,6790.0,382584.0
2016-08-22,6830.0,10.0,6860.0,6900.0,6810.0,276517.0
2016-08-23,6640.0,190.0,6780.0,6870.0,6630.0,748326.0
2016-08-24,6560.0,80.0,6660.0,6720.0,6450.0,662565.0
2016-08-25,6710.0,150.0,6500.0,6770.0,6500.0,380388.0
2016-08-26,6670.0,40.0,6710.0,6780.0,6600.0,300402.0
2016-08-27,6670.0,40.0,6710.0,6780.0,6600.0,300402.0
2016-08-28,6670.0,40.0,6710.0,6780.0,6600.0,300402.0
2016-08-29,6630.0,40.0,6740.0,6860.0,6630.0,292944.0
2016-08-30,6570.0,60.0,6630.0,6700.0,6570.0,266991.0
2016-08-31,6440.0,130.0,6580.0,6630.0,6430.0,355811.0
2016-09-01,6650.0,210.0,6390.0,6660.0,6390.0,274868.0
2016-09-02,6730.0,80.0,6600.0,6780.0,6600.0,294290.0
2016-09-03,6730.0,80.0,6600.0,6780.0,6600.0,294290.0
2016-09-04,6730.0,80.0,6600.0,6780.0,6600.0,294290.0
2016-09-05,6700.0,30.0,6710.0,6830.0,6690.0,250914.0
2016-09-06,6720.0,20.0,6740.0,6770.0,6670.0,160811.0
2016-09-07,6560.0,160.0,6720.0,6760.0,6520.0,286411.0
2016-09-08,6310.0,250.0,6500.0,6570.0,6260.0,725222.0
2016-09-09,6120.0,190.0,6350.0,6350.0,6110.0,410103.0
2016-09-10,6120.0,190.0,6350.0,6350.0,6110.0,410103.0
2016-09-11,6120.0,190.0,6350.0,6350.0,6110.0,410103.0
2016-09-12,6070.0,50.0,5920.0,6230.0,5920.0,343964.0
2016-09-13,6230.0,160.0,6080.0,6260.0,6080.0,209944.0
2016-09-14,6230.0,160.0,6080.0,6260.0,6080.0,209944.0
2016-09-15,6230.0,160.0,6080.0,6260.0,6080.0,209944.0
2016-09-16,6230.0,160.0,6080.0,6260.0,6080.0,209944.0
2016-09-17,6230.0,160.0,6080.0,6260.0,6080.0,209944.0
2016-09-18,6230.0,160.0,6080.0,6260.0,6080.0,209944.0
2016-09-19,6210.0,20.0,6290.0,6290.0,5830.0,220376.0
2016-09-20,6330.0,120.0,6240.0,6340.0,6200.0,188102.0
2016-09-21,6300.0,30.0,6320.0,6380.0,6190.0,208774.0
2016-09-22,6360.0,60.0,6390.0,6390.0,6300.0,157708.0
2016-09-23,6350.0,10.0,6360.0,6410.0,6330.0,210488.0
2016-09-24,6350.0,10.0,6360.0,6410.0,6330.0,210488.0
2016-09-25,6350.0,10.0,6360.0,6410.0,6330.0,210488.0
2016-09-26,6240.0,110.0,6290.0,6430.0,6230.0,247270.0
2016-09-27,6290.0,50.0,6260.0,6290.0,6220.0,140547.0
2016-09-28,6260.0,30.0,6300.0,6340.0,6240.0,228858.0
2016-09-29,6310.0,50.0,6280.0,6420.0,6230.0,450014.0
2016-09-30,6210.0,100.0,6300.0,6320.0,6200.0,194332.0
2016-10-01,6210.0,100.0,6300.0,6320.0,6200.0,194332.0
2016-10-02,6210.0,100.0,6300.0,6320.0,6200.0,194332.0
2016-10-03,6210.0,100.0,6300.0,6320.0,6200.0,194332.0
2016-10-04,6310.0,100.0,6220.0,6330.0,6220.0,180419.0
2016-10-05,6360.0,50.0,6380.0,6380.0,6310.0,172011.0
2016-10-06,6490.0,130.0,6360.0,6580.0,6360.0,460845.0
2016-10-07,6330.0,160.0,6520.0,6520.0,6310.0,252546.0
2016-10-08,6330.0,160.0,6520.0,6520.0,6310.0,252546.0
2016-10-09,6330.0,160.0,6520.0,6520.0,6310.0,252546.0
2016-10-10,6490.0,160.0,6350.0,6510.0,6340.0,261190.0
2016-10-11,6580.0,90.0,6490.0,6610.0,6490.0,398658.0
2016-10-12,6610.0,30.0,6550.0,6650.0,6500.0,316708.0
2016-10-13,6650.0,40.0,6630.0,6660.0,6570.0,355371.0
2016-10-14,6660.0,10.0,6680.0,6700.0,6560.0,342120.0
2016-10-15,6660.0,10.0,6680.0,6700.0,6560.0,342120.0
2016-10-16,6660.0,10.0,6680.0,6700.0,6560.0,342120.0
2016-10-17,6670.0,10.0,6780.0,6860.0,6650.0,507475.0
2016-10-18,6540.0,130.0,6670.0,6730.0,6530.0,232468.0
2016-10-19,6460.0,80.0,6640.0,6660.0,6440.0,250928.0
2016-10-20,6380.0,80.0,6460.0,6590.0,6380.0,204445.0
2016-10-21,6310.0,70.0,6380.0,6450.0,6300.0,151183.0
2016-10-22,6310.0,70.0,6380.0,6450.0,6300.0,151183.0
2016-10-23,6310.0,70.0,6380.0,6450.0,6300.0,151183.0
2016-10-24,6310.0,0.0,6310.0,6430.0,6300.0,260380.0
2016-10-25,6070.0,240.0,6300.0,6360.0,6010.0,381474.0
2016-10-26,6010.0,60.0,6060.0,6110.0,5950.0,301662.0
2016-10-27,6300.0,290.0,5960.0,6350.0,5960.0,265477.0
2016-10-28,6140.0,160.0,6270.0,6360.0,6120.0,256324.0
2016-10-29,6140.0,160.0,6270.0,6360.0,6120.0,256324.0
2016-10-30,6140.0,160.0,6270.0,6360.0,6120.0,256324.0
2016-10-31,6000.0,140.0,6120.0,6180.0,5970.0,263570.0
2016-11-01,6100.0,100.0,6010.0,6170.0,5990.0,206418.0
2016-11-02,6020.0,80.0,6090.0,6140.0,6010.0,207515.0
2016-11-03,6020.0,0.0,5960.0,6130.0,5960.0,136691.0
2016-11-04,6150.0,130.0,6080.0,6190.0,6000.0,149431.0
2016-11-05,6150.0,130.0,6080.0,6190.0,6000.0,149431.0
2016-11-06,6150.0,130.0,6080.0,6190.0,6000.0,149431.0
2016-11-07,6290.0,140.0,6220.0,6340.0,6190.0,225627.0
2016-11-08,6280.0,10.0,6330.0,6340.0,6240.0,142312.0
2016-11-09,6060.0,220.0,6310.0,6320.0,5900.0,567955.0
2016-11-10,6300.0,240.0,6100.0,6300.0,6100.0,390213.0
2016-11-11,6220.0,80.0,6260.0,6300.0,6160.0,149386.0
2016-11-12,6220.0,80.0,6260.0,6300.0,6160.0,149386.0
2016-11-13,6220.0,80.0,6260.0,6300.0,6160.0,149386.0
2016-11-14,6200.0,20.0,6230.0,6240.0,6170.0,130697.0
2016-11-15,6180.0,20.0,6200.0,6270.0,6180.0,129579.0
2016-11-16,6190.0,10.0,6200.0,6240.0,6160.0,141219.0
2016-11-17,6160.0,30.0,6190.0,6220.0,6100.0,129713.0
2016-11-18,6040.0,120.0,6190.0,6190.0,6020.0,192439.0
2016-11-19,6040.0,120.0,6190.0,6190.0,6020.0,192439.0
2016-11-20,6040.0,120.0,6190.0,6190.0,6020.0,192439.0
2016-11-21,5160.0,880.0,5860.0,5920.0,5110.0,1455560.0
2016-11-22,4930.0,230.0,5180.0,5270.0,4840.0,1350654.0
2016-11-23,4850.0,80.0,4935.0,4980.0,4820.0,606236.0
2016-11-24,4595.0,255.0,4820.0,4900.0,4545.0,715449.0
2016-11-25,4695.0,100.0,4550.0,4785.0,4550.0,344147.0
2016-11-26,4695.0,100.0,4550.0,4785.0,4550.0,344147.0
2016-11-27,4695.0,100.0,4550.0,4785.0,4550.0,344147.0
2016-11-28,4610.0,85.0,4670.0,4720.0,4590.0,196077.0
2016-11-29,4745.0,135.0,4610.0,4760.0,4605.0,245176.0
2016-11-30,4720.0,25.0,4730.0,4765.0,4695.0,173523.0
2016-12-01,4585.0,135.0,4690.0,4695.0,4580.0,207492.0
2016-12-02,4605.0,20.0,4540.0,4705.0,4515.0,257767.0
2016-12-03,4605.0,20.0,4540.0,4705.0,4515.0,257767.0
2016-12-04,4605.0,20.0,4540.0,4705.0,4515.0,257767.0
2016-12-05,4515.0,90.0,4605.0,4630.0,4510.0,191104.0
2016-12-06,4750.0,235.0,4550.0,4835.0,4550.0,306744.0
2016-12-07,4810.0,60.0,4775.0,4840.0,4700.0,340501.0
2016-12-08,4820.0,10.0,4850.0,4960.0,4785.0,400099.0
2016-12-09,4975.0,155.0,4845.0,4975.0,4805.0,281400.0
2016-12-10,4975.0,155.0,4845.0,4975.0,4805.0,281400.0
2016-12-11,4975.0,155.0,4845.0,4975.0,4805.0,281400.0
2016-12-12,5240.0,265.0,5070.0,5270.0,5010.0,785377.0
2016-12-13,5430.0,190.0,5340.0,5430.0,5220.0,505219.0
2016-12-14,5260.0,170.0,5430.0,5470.0,5260.0,399215.0
2016-12-15,5490.0,230.0,5300.0,5630.0,5200.0,474237.0
2016-12-16,5360.0,130.0,5480.0,5500.0,5320.0,187740.0
2016-12-17,5360.0,130.0,5480.0,5500.0,5320.0,187740.0
2016-12-18,5360.0,130.0,5480.0,5500.0,5320.0,187740.0
2016-12-19,5340.0,20.0,5300.0,5360.0,5250.0,237564.0
2016-12-20,5200.0,140.0,5300.0,5360.0,5200.0,174301.0
2016-12-21,5230.0,30.0,5190.0,5290.0,5150.0,128237.0
2016-12-22,5120.0,110.0,5240.0,5240.0,5120.0,125849.0
2016-12-23,5310.0,190.0,5120.0,5320.0,5110.0,156194.0
2016-12-24,5310.0,190.0,5120.0,5320.0,5110.0,156194.0
2016-12-25,5310.0,190.0,5120.0,5320.0,5110.0,156194.0
2016-12-26,5180.0,130.0,5320.0,5390.0,5180.0,156061.0
2016-12-27,5290.0,110.0,5150.0,5320.0,5150.0,183635.0
2016-12-28,5640.0,350.0,5290.0,5660.0,5260.0,700482.0
2016-12-29,5630.0,10.0,5580.0,5680.0,5520.0,212510.0
2016-12-30,5630.0,10.0,5580.0,5680.0,5520.0,212510.0
2016-12-31,5630.0,10.0,5580.0,5680.0,5520.0,212510.0
2017-01-01,5630.0,10.0,5580.0,5680.0,5520.0,212510.0
2017-01-02,5580.0,50.0,5550.0,5640.0,5470.0,195540.0
2017-01-03,5480.0,100.0,5580.0,5600.0,5480.0,218726.0
2017-01-04,5410.0,70.0,5510.0,5540.0,5410.0,209045.0
2017-01-05,5550.0,140.0,5450.0,5610.0,5360.0,253885.0
2017-01-06,5460.0,90.0,5500.0,5660.0,5450.0,225463.0
2017-01-07,5460.0,90.0,5500.0,5660.0,5450.0,225463.0
2017-01-08,5460.0,90.0,5500.0,5660.0,5450.0,225463.0
2017-01-09,5410.0,50.0,5500.0,5510.0,5390.0,106220.0
2017-01-10,5330.0,80.0,5410.0,5490.0,5300.0,240095.0
2017-01-11,5210.0,120.0,5310.0,5370.0,5200.0,189896.0
2017-01-12,5230.0,20.0,5160.0,5310.0,5140.0,158428.0
2017-01-13,5240.0,10.0,5180.0,5330.0,5180.0,87476.0
2017-01-14,5240.0,10.0,5180.0,5330.0,5180.0,87476.0
2017-01-15,5240.0,10.0,5180.0,5330.0,5180.0,87476.0
2017-01-16,5170.0,70.0,5260.0,5290.0,5170.0,66933.0
2017-01-17,5170.0,0.0,5150.0,5310.0,5150.0,82348.0
2017-01-18,5280.0,110.0,5170.0,5290.0,5170.0,99219.0
2017-01-19,5240.0,40.0,5290.0,5380.0,5210.0,148518.0
2017-01-20,5200.0,40.0,5200.0,5280.0,5180.0,104586.0
2017-01-21,5200.0,40.0,5200.0,5280.0,5180.0,104586.0
2017-01-22,5200.0,40.0,5200.0,5280.0,5180.0,104586.0
2017-01-23,5170.0,30.0,5170.0,5250.0,5160.0,108251.0
2017-01-24,5100.0,70.0,5130.0,5190.0,5100.0,116908.0
2017-01-25,5140.0,40.0,5160.0,5300.0,5140.0,210690.0
2017-01-26,5190.0,50.0,5160.0,5280.0,5160.0,185577.0
2017-01-27,5190.0,50.0,5160.0,5280.0,5160.0,185577.0
2017-01-28,5190.0,50.0,5160.0,5280.0,5160.0,185577.0
2017-01-29,5190.0,50.0,5160.0,5280.0,5160.0,185577.0
2017-01-30,5190.0,50.0,5160.0,5280.0,5160.0,185577.0
2017-01-31,5330.0,140.0,5190.0,5330.0,5150.0,167713.0
2017-02-01,5480.0,150.0,5500.0,5690.0,5420.0,961391.0
2017-02-02,5510.0,30.0,5440.0,5680.0,5440.0,523201.0
2017-02-03,5480.0,30.0,5540.0,5550.0,5400.0,232001.0
2017-02-04,5480.0,30.0,5540.0,5550.0,5400.0,232001.0
2017-02-05,5480.0,30.0,5540.0,5550.0,5400.0,232001.0
2017-02-06,5840.0,360.0,5470.0,5850.0,5460.0,783558.0
2017-02-07,5710.0,130.0,5880.0,5900.0,5710.0,515186.0
2017-02-08,5630.0,80.0,5720.0,5780.0,5620.0,254294.0
2017-02-09,5630.0,0.0,5630.0,5660.0,5450.0,223161.0
2017-02-10,5570.0,60.0,5600.0,5710.0,5570.0,262469.0
2017-02-11,5570.0,60.0,5600.0,5710.0,5570.0,262469.0
2017-02-12,5570.0,60.0,5600.0,5710.0,5570.0,262469.0
2017-02-13,5500.0,70.0,5550.0,5550.0,5420.0,140696.0
2017-02-14,5590.0,90.0,5500.0,5620.0,5500.0,199559.0
2017-02-15,5660.0,70.0,5590.0,5690.0,5530.0,181348.0
2017-02-16,5610.0,50.0,5700.0,5700.0,5590.0,151094.0
2017-02-17,5970.0,360.0,5630.0,6050.0,5630.0,1341757.0
2017-02-18,5970.0,360.0,5630.0,6050.0,5630.0,1341757.0
2017-02-19,5970.0,360.0,5630.0,6050.0,5630.0,1341757.0
2017-02-20,5990.0,20.0,6020.0,6050.0,5950.0,598084.0
2017-02-21,6030.0,40.0,6000.0,6040.0,5910.0,343631.0
2017-02-22,6010.0,20.0,6040.0,6050.0,5950.0,262911.0
2017-02-23,5890.0,120.0,6010.0,6150.0,5880.0,553792.0
2017-02-24,5940.0,50.0,5860.0,6010.0,5850.0,226459.0
2017-02-25,5940.0,50.0,5860.0,6010.0,5850.0,226459.0
2017-02-26,5940.0,50.0,5860.0,6010.0,5850.0,226459.0
2017-02-27,5720.0,220.0,5870.0,5890.0,5700.0,407724.0
2017-02-28,5390.0,330.0,5700.0,5700.0,5390.0,990962.0
2017-03-01,5390.0,330.0,5700.0,5700.0,5390.0,990962.0
2017-03-02,5150.0,240.0,5350.0,5350.0,5150.0,596845.0
2017-03-03,5050.0,100.0,5050.0,5070.0,4900.0,510083.0
2017-03-04,5050.0,100.0,5050.0,5070.0,4900.0,510083.0
2017-03-05,5050.0,100.0,5050.0,5070.0,4900.0,510083.0
2017-03-06,5050.0,0.0,5020.0,5070.0,4960.0,243755.0
2017-03-07,5130.0,80.0,5020.0,5160.0,5010.0,202469.0
2017-03-08,5170.0,40.0,5140.0,5230.0,5100.0,173183.0
2017-03-09,5190.0,20.0,5210.0,5320.0,5170.0,257860.0
2017-03-10,5310.0,120.0,5210.0,5340.0,5180.0,264280.0
2017-03-11,5310.0,120.0,5210.0,5340.0,5180.0,264280.0
2017-03-12,5310.0,120.0,5210.0,5340.0,5180.0,264280.0
2017-03-13,5380.0,70.0,5310.0,5390.0,5310.0,148278.0
2017-03-14,5330.0,50.0,5390.0,5420.0,5330.0,143871.0
2017-03-15,5260.0,70.0,5330.0,5390.0,5250.0,182711.0
2017-03-16,5380.0,120.0,5320.0,5390.0,5310.0,170335.0
2017-03-17,5410.0,30.0,5400.0,5460.0,5360.0,184580.0
2017-03-18,5410.0,30.0,5400.0,5460.0,5360.0,184580.0
2017-03-19,5410.0,30.0,5400.0,5460.0,5360.0,184580.0
2017-03-20,5450.0,40.0,5450.0,5500.0,5420.0,163399.0
2017-03-21,5390.0,60.0,5420.0,5530.0,5320.0,370871.0
2017-03-22,5400.0,10.0,5340.0,5450.0,5330.0,188598.0
2017-03-23,5150.0,250.0,5400.0,5450.0,5120.0,493986.0
2017-03-24,5260.0,110.0,5200.0,5260.0,5120.0,183060.0
2017-03-25,5260.0,110.0,5200.0,5260.0,5120.0,183060.0
2017-03-26,5260.0,110.0,5200.0,5260.0,5120.0,183060.0
2017-03-27,5280.0,20.0,5260.0,5360.0,5150.0,179365.0
2017-03-28,5300.0,20.0,5260.0,5320.0,5220.0,156671.0
2017-03-29,5330.0,30.0,5300.0,5360.0,5290.0,186601.0
2017-03-30,5310.0,20.0,5370.0,5370.0,5280.0,91101.0
2017-03-31,5310.0,0.0,5350.0,5350.0,5250.0,141691.0
2017-04-01,5310.0,0.0,5350.0,5350.0,5250.0,141691.0
2017-04-02,5310.0,0.0,5350.0,5350.0,5250.0,141691.0
2017-04-03,5440.0,130.0,5290.0,5440.0,5280.0,277641.0
2017-04-04,5450.0,10.0,5460.0,5470.0,5390.0,185743.0
2017-04-05,5450.0,0.0,5460.0,5480.0,5390.0,180313.0
2017-04-06,5420.0,30.0,5450.0,5450.0,5370.0,112057.0
2017-04-07,5390.0,30.0,5400.0,5450.0,5360.0,199848.0
2017-04-08,5390.0,30.0,5400.0,5450.0,5360.0,199848.0
2017-04-09,5390.0,30.0,5400.0,5450.0,5360.0,199848.0
2017-04-10,5190.0,200.0,5370.0,5380.0,5160.0,364451.0
2017-04-11,5130.0,60.0,5240.0,5240.0,5100.0,279115.0
2017-04-12,5100.0,30.0,5150.0,5170.0,5070.0,253149.0
2017-04-13,5180.0,80.0,5120.0,5200.0,5090.0,115684.0
2017-04-14,5220.0,40.0,5180.0,5290.0,5170.0,197352.0
2017-04-15,5220.0,40.0,5180.0,5290.0,5170.0,197352.0
2017-04-16,5220.0,40.0,5180.0,5290.0,5170.0,197352.0
2017-04-17,5440.0,220.0,5230.0,5450.0,5230.0,335395.0
2017-04-18,5460.0,20.0,5470.0,5570.0,5420.0,476955.0
2017-04-19,5410.0,50.0,5460.0,5560.0,5410.0,353548.0
2017-04-20,5440.0,30.0,5400.0,5450.0,5340.0,174931.0
2017-04-21,5440.0,0.0,5410.0,5460.0,5360.0,233719.0
2017-04-22,5440.0,0.0,5410.0,5460.0,5360.0,233719.0
2017-04-23,5440.0,0.0,5410.0,5460.0,5360.0,233719.0
2017-04-24,5440.0,0.0,5480.0,5590.0,5440.0,651714.0
2017-04-25,5500.0,60.0,5400.0,5540.0,5400.0,401669.0
2017-04-26,5670.0,170.0,5530.0,5670.0,5470.0,715342.0
2017-04-27,5520.0,150.0,5750.0,5750.0,5510.0,824139.0
2017-04-28,5480.0,40.0,5520.0,5580.0,5390.0,297304.0
2017-04-29,5480.0,40.0,5520.0,5580.0,5390.0,297304.0
2017-04-30,5480.0,40.0,5520.0,5580.0,5390.0,297304.0
2017-05-01,5480.0,40.0,5520.0,5580.0,5390.0,297304.0
2017-05-02,5180.0,300.0,5440.0,5440.0,5180.0,721661.0
2017-05-03,5180.0,300.0,5440.0,5440.0,5180.0,721661.0
2017-05-04,5230.0,50.0,5130.0,5240.0,5120.0,310971.0
2017-05-05,5230.0,50.0,5130.0,5240.0,5120.0,310971.0
2017-05-06,5230.0,50.0,5130.0,5240.0,5120.0,310971.0
2017-05-07,5230.0,50.0,5130.0,5240.0,5120.0,310971.0
2017-05-08,5230.0,0.0,5220.0,5280.0,5170.0,341785.0
2017-05-09,5230.0,0.0,5220.0,5280.0,5170.0,341785.0
2017-05-10,5280.0,50.0,5210.0,5310.0,5210.0,287418.0
2017-05-11,5340.0,60.0,5300.0,5350.0,5240.0,343773.0
2017-05-12,5310.0,30.0,5390.0,5400.0,5290.0,214310.0
2017-05-13,5310.0,30.0,5390.0,5400.0,5290.0,214310.0
2017-05-14,5310.0,30.0,5390.0,5400.0,5290.0,214310.0
2017-05-15,5570.0,260.0,5320.0,5620.0,5310.0,841714.0
2017-05-16,5750.0,180.0,5540.0,5790.0,5540.0,1263869.0
2017-05-17,6210.0,460.0,5880.0,6240.0,5850.0,3666969.0
2017-05-18,6390.0,180.0,6160.0,6440.0,6140.0,2077608.0
2017-05-19,6150.0,240.0,6380.0,6380.0,6150.0,1502473.0
2017-05-20,6150.0,240.0,6380.0,6380.0,6150.0,1502473.0
2017-05-21,6150.0,240.0,6380.0,6380.0,6150.0,1502473.0
2017-05-22,6170.0,20.0,6190.0,6210.0,6060.0,637996.0
2017-05-23,5980.0,190.0,6130.0,6170.0,5950.0,1168431.0
2017-05-24,6380.0,400.0,5940.0,6380.0,5910.0,1921745.0
2017-05-25,6290.0,90.0,6370.0,6490.0,6210.0,1568555.0
2017-05-26,6300.0,10.0,6370.0,6380.0,6220.0,571177.0
2017-05-27,6300.0,10.0,6370.0,6380.0,6220.0,571177.0
2017-05-28,6300.0,10.0,6370.0,6380.0,6220.0,571177.0
2017-05-29,6350.0,50.0,6340.0,6440.0,6200.0,703235.0
2017-05-30,6160.0,190.0,6360.0,6440.0,6160.0,820016.0
2017-05-31,6130.0,30.0,6190.0,6260.0,6040.0,823727.0
2017-06-01,5960.0,170.0,6130.0,6130.0,5950.0,674018.0
2017-06-02,6250.0,290.0,6040.0,6270.0,6000.0,972525.0
2017-06-03,6250.0,290.0,6040.0,6270.0,6000.0,972525.0
2017-06-04,6250.0,290.0,6040.0,6270.0,6000.0,972525.0
2017-06-05,5590.0,660.0,5740.0,5860.0,5400.0,4088988.0
2017-06-06,5590.0,660.0,5740.0,5860.0,5400.0,4088988.0
2017-06-07,5520.0,70.0,5540.0,5560.0,5410.0,696939.0
2017-06-08,5620.0,100.0,5490.0,5720.0,5490.0,1048779.0
2017-06-09,5570.0,50.0,5680.0,5680.0,5510.0,757601.0
2017-06-10,5570.0,50.0,5680.0,5680.0,5510.0,757601.0
2017-06-11,5570.0,50.0,5680.0,5680.0,5510.0,757601.0
2017-06-12,5760.0,190.0,5580.0,5780.0,5540.0,732841.0
2017-06-13,5750.0,10.0,5770.0,5780.0,5640.0,554675.0
2017-06-14,5810.0,60.0,5750.0,5840.0,5690.0,554488.0
2017-06-15,5750.0,60.0,5820.0,5840.0,5660.0,617006.0
2017-06-16,5620.0,130.0,5750.0,5790.0,5600.0,540398.0
2017-06-17,5620.0,130.0,5750.0,5790.0,5600.0,540398.0
2017-06-18,5620.0,130.0,5750.0,5790.0,5600.0,540398.0
2017-06-19,5550.0,70.0,5690.0,5690.0,5510.0,490199.0
2017-06-20,5740.0,190.0,5560.0,5900.0,5560.0,1244657.0
2017-06-21,5850.0,110.0,5740.0,5850.0,5670.0,519178.0
2017-06-22,5690.0,160.0,5850.0,5860.0,5660.0,357801.0
2017-06-23,5790.0,100.0,5710.0,5820.0,5710.0,317047.0
2017-06-24,5790.0,100.0,5710.0,5820.0,5710.0,317047.0
2017-06-25,5790.0,100.0,5710.0,5820.0,5710.0,317047.0
2017-06-26,5760.0,30.0,5750.0,5800.0,5720.0,210386.0
2017-06-27,5950.0,190.0,5790.0,5990.0,5790.0,1225028.0
2017-06-28,5900.0,50.0,5970.0,5980.0,5820.0,507058.0
2017-06-29,6090.0,190.0,5930.0,6100.0,5900.0,834187.0
2017-06-30,6100.0,10.0,6050.0,6140.0,5990.0,362004.0
2017-07-01,6100.0,10.0,6050.0,6140.0,5990.0,362004.0
2017-07-02,6100.0,10.0,6050.0,6140.0,5990.0,362004.0
2017-07-03,5930.0,170.0,6100.0,6120.0,5930.0,359329.0
2017-07-04,5860.0,70.0,5990.0,6050.0,5800.0,426258.0
2017-07-05,6000.0,140.0,5840.0,6000.0,5840.0,202701.0
2017-07-06,5970.0,30.0,5960.0,6090.0,5960.0,261430.0
2017-07-07,6250.0,280.0,5970.0,6320.0,5970.0,1250032.0
2017-07-08,6250.0,280.0,5970.0,6320.0,5970.0,1250032.0
2017-07-09,6250.0,280.0,5970.0,6320.0,5970.0,1250032.0
2017-07-10,6240.0,10.0,6250.0,6290.0,6130.0,528960.0
2017-07-11,6220.0,20.0,6280.0,6300.0,6110.0,545310.0
2017-07-12,6270.0,50.0,6240.0,6330.0,6190.0,689234.0
2017-07-13,6270.0,0.0,6330.0,6350.0,6200.0,462449.0
2017-07-14,6200.0,70.0,6330.0,6350.0,6100.0,653443.0
2017-07-15,6200.0,70.0,6330.0,6350.0,6100.0,653443.0
2017-07-16,6200.0,70.0,6330.0,6350.0,6100.0,653443.0
2017-07-17,6200.0,0.0,6220.0,6290.0,6140.0,317629.0
2017-07-18,6310.0,110.0,6230.0,6420.0,6230.0,1389580.0
2017-07-19,6470.0,160.0,6360.0,6470.0,6280.0,915612.0
2017-07-20,6470.0,0.0,6450.0,6550.0,6420.0,628294.0
2017-07-21,6520.0,50.0,6470.0,6520.0,6400.0,437662.0
2017-07-22,6520.0,50.0,6470.0,6520.0,6400.0,437662.0
2017-07-23,6520.0,50.0,6470.0,6520.0,6400.0,437662.0
2017-07-24,6440.0,80.0,6540.0,6570.0,6430.0,436436.0
2017-07-25,6200.0,240.0,6370.0,6420.0,6140.0,1188277.0
2017-07-26,6110.0,90.0,6200.0,6250.0,5960.0,831391.0
2017-07-27,6300.0,190.0,6100.0,6330.0,6100.0,696862.0
2017-07-28,6290.0,10.0,6360.0,6400.0,6200.0,647877.0
2017-07-29,6290.0,10.0,6360.0,6400.0,6200.0,647877.0
2017-07-30,6290.0,10.0,6360.0,6400.0,6200.0,647877.0
2017-07-31,6350.0,60.0,6180.0,6350.0,5990.0,802980.0
2017-08-01,6360.0,10.0,6350.0,6490.0,6230.0,1186433.0
2017-08-02,6390.0,30.0,6440.0,6640.0,6290.0,2214925.0
2017-08-03,6380.0,10.0,6540.0,6560.0,6170.0,1853775.0
2017-08-04,6320.0,60.0,6440.0,6480.0,6180.0,1473477.0
2017-08-05,6320.0,60.0,6440.0,6480.0,6180.0,1473477.0
2017-08-06,6320.0,60.0,6440.0,6480.0,6180.0,1473477.0
2017-08-07,6260.0,60.0,6430.0,6490.0,6250.0,1777737.0
2017-08-08,6130.0,130.0,6280.0,6300.0,6130.0,1034692.0
2017-08-09,5860.0,270.0,6130.0,6180.0,5800.0,1463135.0
2017-08-10,5740.0,120.0,5820.0,5960.0,5650.0,853357.0
2017-08-11,5820.0,80.0,5590.0,5850.0,5590.0,649840.0
2017-08-12,5820.0,80.0,5590.0,5850.0,5590.0,649840.0
2017-08-13,5820.0,80.0,5590.0,5850.0,5590.0,649840.0
2017-08-14,5880.0,60.0,5940.0,6010.0,5830.0,717287.0
2017-08-15,5880.0,60.0,5940.0,6010.0,5830.0,717287.0
2017-08-16,5910.0,30.0,6050.0,6050.0,5850.0,635068.0
2017-08-17,5760.0,150.0,5910.0,5910.0,5750.0,571400.0
2017-08-18,5880.0,120.0,5710.0,5890.0,5670.0,491926.0
2017-08-19,5880.0,120.0,5710.0,5890.0,5670.0,491926.0
2017-08-20,5880.0,120.0,5710.0,5890.0,5670.0,491926.0
2017-08-21,5730.0,150.0,5940.0,5950.0,5730.0,546826.0
2017-08-22,5730.0,0.0,5800.0,5820.0,5650.0,505468.0
2017-08-23,5840.0,110.0,5790.0,5870.0,5730.0,479369.0
2017-08-24,5750.0,90.0,5850.0,5860.0,5750.0,346921.0
2017-08-25,5810.0,60.0,5760.0,5850.0,5740.0,321408.0
2017-08-26,5810.0,60.0,5760.0,5850.0,5740.0,321408.0
2017-08-27,5810.0,60.0,5760.0,5850.0,5740.0,321408.0
2017-08-28,5780.0,30.0,5820.0,5880.0,5760.0,275396.0
2017-08-29,5760.0,20.0,5750.0,5820.0,5720.0,302477.0
2017-08-30,5830.0,70.0,5770.0,5860.0,5760.0,303259.0
2017-08-31,5590.0,240.0,5820.0,5870.0,5300.0,1725368.0
2017-09-01,5520.0,70.0,5550.0,5590.0,5510.0,358484.0
2017-09-02,5520.0,70.0,5550.0,5590.0,5510.0,358484.0
2017-09-03,5520.0,70.0,5550.0,5590.0,5510.0,358484.0
2017-09-04,5260.0,260.0,5300.0,5420.0,5240.0,646386.0
2017-09-05,5300.0,40.0,5300.0,5340.0,5210.0,286797.0
2017-09-06,5260.0,40.0,5310.0,5360.0,5250.0,240375.0
2017-09-07,5180.0,80.0,5200.0,5270.0,5140.0,416402.0
2017-09-08,5170.0,10.0,5200.0,5240.0,5170.0,223772.0
2017-09-09,5170.0,10.0,5200.0,5240.0,5170.0,223772.0
2017-09-10,5170.0,10.0,5200.0,5240.0,5170.0,223772.0
2017-09-11,5200.0,30.0,5190.0,5340.0,5190.0,325697.0
2017-09-12,5200.0,0.0,5220.0,5250.0,5180.0,271283.0
2017-09-13,5020.0,180.0,5210.0,5210.0,5020.0,544711.0
2017-09-14,5120.0,100.0,4975.0,5130.0,4915.0,429569.0
2017-09-15,5050.0,70.0,5070.0,5130.0,5010.0,245448.0
2017-09-16,5050.0,70.0,5070.0,5130.0,5010.0,245448.0
2017-09-17,5050.0,70.0,5070.0,5130.0,5010.0,245448.0
2017-09-18,5070.0,20.0,5080.0,5120.0,5010.0,359179.0
2017-09-19,5130.0,60.0,5070.0,5190.0,5070.0,320550.0
2017-09-20,5040.0,90.0,5190.0,5190.0,5040.0,230275.0
2017-09-21,5020.0,20.0,5050.0,5090.0,4985.0,178982.0
2017-09-22,5070.0,50.0,4980.0,5110.0,4980.0,273823.0
2017-09-23,5070.0,50.0,4980.0,5110.0,4980.0,273823.0
2017-09-24,5070.0,50.0,4980.0,5110.0,4980.0,273823.0
2017-09-25,4940.0,130.0,4995.0,5110.0,4935.0,258499.0
2017-09-26,4695.0,245.0,4900.0,4935.0,4645.0,825447.0
2017-09-27,4900.0,205.0,4725.0,4950.0,4700.0,368051.0
2017-09-28,4945.0,45.0,4935.0,5020.0,4910.0,170634.0
2017-09-29,5030.0,85.0,5000.0,5060.0,4975.0,118492.0
2017-09-30,5030.0,85.0,5000.0,5060.0,4975.0,118492.0
2017-10-01,5030.0,85.0,5000.0,5060.0,4975.0,118492.0
2017-10-02,5030.0,85.0,5000.0,5060.0,4975.0,118492.0
2017-10-03,5030.0,85.0,5000.0,5060.0,4975.0,118492.0
2017-10-04,5030.0,85.0,5000.0,5060.0,4975.0,118492.0
2017-10-05,5030.0,85.0,5000.0,5060.0,4975.0,118492.0
2017-10-06,5030.0,85.0,5000.0,5060.0,4975.0,118492.0
2017-10-07,5030.0,85.0,5000.0,5060.0,4975.0,118492.0
2017-10-08,5030.0,85.0,5000.0,5060.0,4975.0,118492.0
2017-10-09,5030.0,85.0,5000.0,5060.0,4975.0,118492.0
2017-10-10,4935.0,95.0,5000.0,5010.0,4915.0,191632.0
2017-10-11,4995.0,60.0,4935.0,5050.0,4925.0,153599.0
2017-10-12,4970.0,25.0,5000.0,5060.0,4970.0,128007.0
2017-10-13,4850.0,120.0,4980.0,4980.0,4815.0,168326.0
2017-10-14,4850.0,120.0,4980.0,4980.0,4815.0,168326.0
2017-10-15,4850.0,120.0,4980.0,4980.0,4815.0,168326.0
2017-10-16,4940.0,90.0,4835.0,5000.0,4750.0,238926.0
2017-10-17,4995.0,55.0,5050.0,5060.0,4945.0,220138.0
2017-10-18,5010.0,15.0,4940.0,5070.0,4940.0,135389.0
2017-10-19,5010.0,0.0,4975.0,5020.0,4955.0,117698.0
2017-10-20,5190.0,180.0,5010.0,5250.0,5000.0,807080.0
2017-10-21,5190.0,180.0,5010.0,5250.0,5000.0,807080.0
2017-10-22,5190.0,180.0,5010.0,5250.0,5000.0,807080.0
2017-10-23,5060.0,130.0,5230.0,5230.0,5040.0,400302.0
2017-10-24,5010.0,50.0,5040.0,5120.0,4995.0,255469.0
2017-10-25,5070.0,60.0,5030.0,5110.0,5010.0,190310.0
2017-10-26,5350.0,280.0,5120.0,5350.0,5070.0,1037106.0
2017-10-27,5550.0,200.0,5450.0,5570.0,5370.0,984256.0
2017-10-28,5550.0,200.0,5450.0,5570.0,5370.0,984256.0
2017-10-29,5550.0,200.0,5450.0,5570.0,5370.0,984256.0
2017-10-30,5540.0,10.0,5670.0,5670.0,5460.0,724942.0
2017-10-31,5520.0,20.0,5620.0,5660.0,5380.0,643854.0
2017-11-01,5590.0,70.0,5510.0,5690.0,5510.0,534206.0
2017-11-02,5540.0,50.0,5600.0,5600.0,5500.0,265165.0
2017-11-03,5540.0,0.0,5520.0,5690.0,5520.0,316524.0
2017-11-04,5540.0,0.0,5520.0,5690.0,5520.0,316524.0
2017-11-05,5540.0,0.0,5520.0,5690.0,5520.0,316524.0
2017-11-06,5610.0,70.0,5550.0,5630.0,5490.0,287785.0
2017-11-07,5620.0,10.0,5670.0,5680.0,5580.0,222303.0
2017-11-08,5580.0,40.0,5630.0,5630.0,5510.0,333319.0
2017-11-09,5690.0,110.0,5610.0,5690.0,5510.0,405730.0
2017-11-10,5720.0,30.0,5730.0,5780.0,5650.0,354165.0
2017-11-11,5720.0,30.0,5730.0,5780.0,5650.0,354165.0
2017-11-12,5720.0,30.0,5730.0,5780.0,5650.0,354165.0
2017-11-13,5990.0,270.0,5800.0,6000.0,5730.0,1134241.0
2017-11-14,6200.0,210.0,6170.0,6250.0,6120.0,2037749.0
2017-11-15,6010.0,190.0,6230.0,6240.0,5960.0,1079798.0
2017-11-16,5870.0,140.0,6010.0,6060.0,5830.0,884961.0
2017-11-17,5970.0,100.0,5950.0,6040.0,5860.0,681632.0
2017-11-18,5970.0,100.0,5950.0,6040.0,5860.0,681632.0
2017-11-19,5970.0,100.0,5950.0,6040.0,5860.0,681632.0
2017-11-20,5850.0,120.0,5940.0,6000.0,5800.0,512464.0
2017-11-21,5790.0,60.0,5910.0,5930.0,5700.0,624766.0
2017-11-22,5670.0,120.0,5790.0,5820.0,5600.0,691819.0
2017-11-23,6000.0,330.0,5690.0,6020.0,5690.0,1182714.0
2017-11-24,6030.0,30.0,5950.0,6080.0,5850.0,835227.0
2017-11-25,6030.0,30.0,5950.0,6080.0,5850.0,835227.0
2017-11-26,6030.0,30.0,5950.0,6080.0,5850.0,835227.0
2017-11-27,5880.0,150.0,6130.0,6140.0,5860.0,597847.0
2017-11-28,5820.0,60.0,5930.0,5940.0,5780.0,306266.0
2017-11-29,5830.0,10.0,5780.0,5920.0,5710.0,361783.0
2017-11-30,5670.0,160.0,5830.0,5870.0,5650.0,321285.0
2017-12-01,5670.0,0.0,5740.0,5740.0,5570.0,390522.0
2017-12-02,5670.0,0.0,5740.0,5740.0,5570.0,390522.0
2017-12-03,5670.0,0.0,5740.0,5740.0,5570.0,390522.0
2017-12-04,5600.0,70.0,5680.0,5760.0,5600.0,296765.0
2017-12-05,5680.0,80.0,5600.0,5800.0,5600.0,355563.0
2017-12-06,5660.0,20.0,5680.0,5800.0,5640.0,276468.0
2017-12-07,5450.0,210.0,5720.0,5750.0,5430.0,454165.0
2017-12-08,5470.0,20.0,5470.0,5520.0,5410.0,230849.0
2017-12-09,5470.0,20.0,5470.0,5520.0,5410.0,230849.0
2017-12-10,5470.0,20.0,5470.0,5520.0,5410.0,230849.0
2017-12-11,5680.0,210.0,5500.0,5680.0,5440.0,244892.0
2017-12-12,5600.0,80.0,5640.0,5710.0,5570.0,177338.0
2017-12-13,5580.0,20.0,5630.0,5640.0,5540.0,177970.0
2017-12-14,5540.0,40.0,5640.0,5640.0,5480.0,309509.0
2017-12-15,5490.0,50.0,5540.0,5560.0,5470.0,165178.0
2017-12-16,5490.0,50.0,5540.0,5560.0,5470.0,165178.0
2017-12-17,5490.0,50.0,5540.0,5560.0,5470.0,165178.0
2017-12-18,5830.0,340.0,5540.0,5840.0,5500.0,769098.0
2017-12-19,5600.0,230.0,5840.0,5860.0,5520.0,514217.0
2017-12-20,5450.0,150.0,5570.0,5590.0,5450.0,271182.0
2017-12-21,5290.0,160.0,5440.0,5440.0,5220.0,365145.0
2017-12-22,5330.0,40.0,5240.0,5340.0,5150.0,270830.0
2017-12-23,5330.0,40.0,5240.0,5340.0,5150.0,270830.0
2017-12-24,5330.0,40.0,5240.0,5340.0,5150.0,270830.0
2017-12-25,5330.0,40.0,5240.0,5340.0,5150.0,270830.0
2017-12-26,5440.0,110.0,5370.0,5510.0,5350.0,258714.0
2017-12-27,5390.0,50.0,5420.0,5420.0,5260.0,199769.0
2017-12-28,5400.0,10.0,5360.0,5460.0,5260.0,157690.0
2017-12-29,5400.0,10.0,5360.0,5460.0,5260.0,157690.0
2017-12-30,5400.0,10.0,5360.0,5460.0,5260.0,157690.0
2017-12-31,5400.0,10.0,5360.0,5460.0,5260.0,157690.0
2018-01-01,5400.0,10.0,5360.0,5460.0,5260.0,157690.0
2018-01-02,5390.0,10.0,5410.0,5450.0,5290.0,244120.0
2018-01-03,5280.0,110.0,5380.0,5380.0,5280.0,382375.0
2018-01-04,5140.0,140.0,5280.0,5310.0,5130.0,466313.0
2018-01-05,5130.0,10.0,5150.0,5190.0,5100.0,282509.0
2018-01-06,5130.0,10.0,5150.0,5190.0,5100.0,282509.0
2018-01-07,5130.0,10.0,5150.0,5190.0,5100.0,282509.0
2018-01-08,5040.0,90.0,5150.0,5150.0,5040.0,405620.0
2018-01-09,5060.0,20.0,5060.0,5190.0,4990.0,427271.0
2018-01-10,5080.0,20.0,5110.0,5120.0,5000.0,243004.0
2018-01-11,5130.0,50.0,5100.0,5180.0,5080.0,288753.0
2018-01-12,5030.0,100.0,5120.0,5140.0,4980.0,605229.0
2018-01-13,5030.0,100.0,5120.0,5140.0,4980.0,605229.0
2018-01-14,5030.0,100.0,5120.0,5140.0,4980.0,605229.0
2018-01-15,5040.0,10.0,5000.0,5090.0,4975.0,278391.0
2018-01-16,5180.0,140.0,5080.0,5230.0,5060.0,537338.0
2018-01-17,5370.0,190.0,5180.0,5380.0,5150.0,696862.0
2018-01-18,5320.0,50.0,5440.0,5450.0,5280.0,402638.0
2018-01-19,5450.0,130.0,5400.0,5470.0,5340.0,438711.0
2018-01-20,5450.0,130.0,5400.0,5470.0,5340.0,438711.0
2018-01-21,5450.0,130.0,5400.0,5470.0,5340.0,438711.0
2018-01-22,5460.0,10.0,5450.0,5520.0,5320.0,346126.0
2018-01-23,5440.0,20.0,5500.0,5500.0,5360.0,251521.0
2018-01-24,5400.0,40.0,5440.0,5450.0,5380.0,191953.0
2018-01-25,5490.0,90.0,5400.0,5500.0,5370.0,246964.0
2018-01-26,5660.0,170.0,5550.0,5700.0,5450.0,550037.0
2018-01-27,5660.0,170.0,5550.0,5700.0,5450.0,550037.0
2018-01-28,5660.0,170.0,5550.0,5700.0,5450.0,550037.0
2018-01-29,5590.0,70.0,5750.0,5750.0,5520.0,428526.0
2018-01-30,5310.0,280.0,5520.0,5520.0,5300.0,614845.0
2018-01-31,5350.0,40.0,5280.0,5380.0,5240.0,324969.0
2018-02-01,5670.0,320.0,5340.0,5700.0,5340.0,1042951.0
2018-02-02,5700.0,30.0,5740.0,5770.0,5630.0,745592.0
2018-02-03,5700.0,30.0,5740.0,5770.0,5630.0,745592.0
2018-02-04,5700.0,30.0,5740.0,5770.0,5630.0,745592.0
2018-02-05,5490.0,210.0,5590.0,5760.0,5480.0,601973.0
2018-02-06,5360.0,130.0,5270.0,5380.0,5120.0,758718.0
2018-02-07,5220.0,140.0,5410.0,5530.0,5220.0,588920.0
2018-02-08,5550.0,330.0,5250.0,5630.0,5220.0,837996.0
2018-02-09,5500.0,50.0,5320.0,5590.0,5280.0,659721.0
2018-02-10,5500.0,50.0,5320.0,5590.0,5280.0,659721.0
2018-02-11,5500.0,50.0,5320.0,5590.0,5280.0,659721.0
2018-02-12,5450.0,50.0,5500.0,5540.0,5420.0,409924.0
2018-02-13,5190.0,260.0,5450.0,5450.0,5180.0,614424.0
2018-02-14,5240.0,50.0,5200.0,5310.0,5150.0,307901.0
2018-02-15,5240.0,50.0,5200.0,5310.0,5150.0,307901.0
2018-02-16,5240.0,50.0,5200.0,5310.0,5150.0,307901.0
2018-02-17,5240.0,50.0,5200.0,5310.0,5150.0,307901.0
2018-02-18,5240.0,50.0,5200.0,5310.0,5150.0,307901.0
2018-02-19,5450.0,210.0,5330.0,5450.0,5300.0,540916.0
2018-02-20,5330.0,120.0,5450.0,5490.0,5310.0,199925.0
2018-02-21,5510.0,180.0,5340.0,5560.0,5330.0,378992.0
2018-02-22,5670.0,160.0,5730.0,5840.0,5610.0,1609633.0
2018-02-23,5800.0,130.0,5680.0,5890.0,5640.0,1023148.0
2018-02-24,5800.0,130.0,5680.0,5890.0,5640.0,1023148.0
2018-02-25,5800.0,130.0,5680.0,5890.0,5640.0,1023148.0
2018-02-26,5790.0,10.0,5860.0,5940.0,5750.0,679515.0
2018-02-27,5900.0,110.0,5850.0,5930.0,5650.0,846131.0
2018-02-28,5800.0,100.0,5930.0,6040.0,5780.0,1167882.0
2018-03-01,5800.0,100.0,5930.0,6040.0,5780.0,1167882.0
2018-03-02,5930.0,130.0,5730.0,5940.0,5730.0,682932.0
2018-03-03,5930.0,130.0,5730.0,5940.0,5730.0,682932.0
2018-03-04,5930.0,130.0,5730.0,5940.0,5730.0,682932.0
2018-03-05,5890.0,40.0,5970.0,6040.0,5750.0,675563.0
2018-03-06,6090.0,200.0,5900.0,6150.0,5900.0,1446115.0
2018-03-07,6000.0,90.0,6020.0,6130.0,5970.0,589117.0
2018-03-08,5850.0,150.0,6020.0,6030.0,5800.0,608177.0
2018-03-09,5950.0,100.0,5920.0,6030.0,5870.0,505540.0
2018-03-10,5950.0,100.0,5920.0,6030.0,5870.0,505540.0
2018-03-11,5950.0,100.0,5920.0,6030.0,5870.0,505540.0
2018-03-12,5960.0,10.0,6050.0,6060.0,5890.0,413759.0
2018-03-13,5850.0,110.0,5950.0,5970.0,5830.0,354739.0
2018-03-14,5850.0,0.0,5830.0,5930.0,5800.0,295188.0
2018-03-15,5980.0,130.0,5820.0,6020.0,5770.0,672573.0
2018-03-16,5870.0,110.0,5980.0,5990.0,5810.0,358546.0
2018-03-17,5870.0,110.0,5980.0,5990.0,5810.0,358546.0
2018-03-18,5870.0,110.0,5980.0,5990.0,5810.0,358546.0
2018-03-19,5800.0,70.0,5830.0,5900.0,5750.0,277636.0
2018-03-20,5800.0,0.0,5750.0,5930.0,5700.0,354935.0
2018-03-21,5800.0,0.0,5800.0,5870.0,5760.0,217908.0
2018-03-22,5750.0,50.0,5800.0,5870.0,5750.0,261001.0
2018-03-23,5590.0,160.0,5630.0,5820.0,5550.0,443170.0
2018-03-24,5590.0,160.0,5630.0,5820.0,5550.0,443170.0
2018-03-25,5590.0,160.0,5630.0,5820.0,5550.0,443170.0
2018-03-26,5800.0,210.0,5600.0,5800.0,5540.0,333539.0
2018-03-27,5690.0,110.0,5850.0,5860.0,5640.0,487702.0
2018-03-28,5670.0,20.0,5630.0,5780.0,5590.0,306585.0
2018-03-29,5980.0,310.0,5730.0,6020.0,5700.0,976623.0
2018-03-30,5920.0,60.0,6030.0,6030.0,5810.0,544380.0
2018-03-31,5920.0,60.0,6030.0,6030.0,5810.0,544380.0
2018-04-01,5920.0,60.0,6030.0,6030.0,5810.0,544380.0
2018-04-02,6350.0,430.0,6120.0,6400.0,5990.0,3433006.0
2018-04-03,6280.0,70.0,6290.0,6410.0,6150.0,1493074.0
2018-04-04,6080.0,200.0,6260.0,6340.0,6030.0,877825.0
2018-04-05,6070.0,10.0,6150.0,6230.0,5990.0,562601.0
2018-04-06,5990.0,80.0,6020.0,6110.0,5920.0,468321.0
2018-04-07,5990.0,80.0,6020.0,6110.0,5920.0,468321.0
2018-04-08,5990.0,80.0,6020.0,6110.0,5920.0,468321.0
2018-04-09,5890.0,100.0,6010.0,6040.0,5880.0,383759.0
2018-04-10,5820.0,70.0,5960.0,5960.0,5770.0,528272.0
2018-04-11,5730.0,90.0,5820.0,5860.0,5710.0,419360.0
2018-04-12,5700.0,30.0,5750.0,5900.0,5700.0,708782.0
2018-04-13,5730.0,30.0,5720.0,5790.0,5690.0,343549.0
2018-04-14,5730.0,30.0,5720.0,5790.0,5690.0,343549.0
2018-04-15,5730.0,30.0,5720.0,5790.0,5690.0,343549.0
2018-04-16,5780.0,50.0,5740.0,5850.0,5700.0,466556.0
2018-04-17,5830.0,50.0,5790.0,5860.0,5750.0,416571.0
2018-04-18,5770.0,60.0,5860.0,5880.0,5740.0,478950.0
2018-04-19,5820.0,50.0,5780.0,5930.0,5750.0,613150.0
2018-04-20,5730.0,90.0,5800.0,5820.0,5700.0,338967.0
2018-04-21,5730.0,90.0,5800.0,5820.0,5700.0,338967.0
2018-04-22,5730.0,90.0,5800.0,5820.0,5700.0,338967.0
2018-04-23,5520.0,210.0,5720.0,5800.0,5510.0,588238.0
2018-04-24,5510.0,10.0,5530.0,5570.0,5400.0,323921.0
2018-04-25,5420.0,90.0,5510.0,5510.0,5370.0,287336.0
2018-04-26,5450.0,30.0,5450.0,5480.0,5400.0,181779.0
2018-04-27,5480.0,30.0,5460.0,5480.0,5400.0,121581.0
2018-04-28,5480.0,30.0,5460.0,5480.0,5400.0,121581.0
2018-04-29,5480.0,30.0,5460.0,5480.0,5400.0,121581.0
2018-04-30,5370.0,110.0,5470.0,5500.0,5340.0,259797.0
2018-05-01,5370.0,110.0,5470.0,5500.0,5340.0,259797.0
2018-05-02,5290.0,80.0,5360.0,5400.0,5240.0,272202.0
2018-05-03,5400.0,110.0,5290.0,5480.0,5260.0,264701.0
2018-05-04,5280.0,120.0,5410.0,5420.0,5280.0,190685.0
2018-05-05,5280.0,120.0,5410.0,5420.0,5280.0,190685.0
2018-05-06,5280.0,120.0,5410.0,5420.0,5280.0,190685.0
2018-05-07,5280.0,120.0,5410.0,5420.0,5280.0,190685.0
2018-05-08,5200.0,80.0,5280.0,5410.0,5200.0,301804.0
2018-05-09,5230.0,30.0,5170.0,5290.0,5090.0,359386.0
2018-05-10,5270.0,40.0,5200.0,5290.0,5150.0,233547.0
2018-05-11,5340.0,70.0,5330.0,5340.0,5250.0,159356.0
2018-05-12,5340.0,70.0,5330.0,5340.0,5250.0,159356.0
2018-05-13,5340.0,70.0,5330.0,5340.0,5250.0,159356.0
2018-05-14,5230.0,110.0,5320.0,5360.0,5170.0,279168.0
2018-05-15,5220.0,10.0,5200.0,5260.0,5180.0,137871.0
2018-05-16,5140.0,80.0,5180.0,5290.0,5120.0,303594.0
2018-05-17,5210.0,70.0,5150.0,5230.0,5140.0,142334.0
2018-05-18,5260.0,50.0,5190.0,5290.0,5190.0,112799.0
2018-05-19,5260.0,50.0,5190.0,5290.0,5190.0,112799.0
2018-05-20,5260.0,50.0,5190.0,5290.0,5190.0,112799.0
2018-05-21,5230.0,30.0,5280.0,5280.0,5190.0,116539.0
2018-05-22,5230.0,30.0,5280.0,5280.0,5190.0,116539.0
2018-05-23,5240.0,10.0,5210.0,5260.0,5180.0,135545.0
2018-05-24,5190.0,50.0,5240.0,5240.0,5190.0,126684.0
2018-05-25,5030.0,160.0,5170.0,5170.0,5030.0,408341.0
2018-05-26,5030.0,160.0,5170.0,5170.0,5030.0,408341.0
2018-05-27,5030.0,160.0,5170.0,5170.0,5030.0,408341.0
2018-05-28,5070.0,40.0,5050.0,5130.0,5030.0,211609.0
2018-05-29,5070.0,0.0,5030.0,5130.0,5010.0,179942.0
2018-05-30,5000.0,70.0,5050.0,5090.0,4980.0,325805.0
2018-05-31,5170.0,170.0,5020.0,5240.0,4995.0,238754.0
2018-06-01,5070.0,100.0,5080.0,5110.0,5030.0,249786.0
2018-06-02,5070.0,100.0,5080.0,5110.0,5030.0,249786.0
2018-06-03,5070.0,100.0,5080.0,5110.0,5030.0,249786.0
2018-06-04,5020.0,50.0,5040.0,5060.0,4955.0,226334.0
2018-06-05,5000.0,20.0,4995.0,5050.0,4990.0,246822.0
2018-06-06,5000.0,20.0,4995.0,5050.0,4990.0,246822.0
2018-06-07,5020.0,20.0,5020.0,5040.0,4990.0,180443.0
2018-06-08,5040.0,20.0,5000.0,5080.0,4995.0,153201.0
2018-06-09,5040.0,20.0,5000.0,5080.0,4995.0,153201.0
2018-06-10,5040.0,20.0,5000.0,5080.0,4995.0,153201.0
2018-06-11,4920.0,120.0,5040.0,5070.0,4910.0,521634.0
2018-06-12,4705.0,215.0,4925.0,4955.0,4675.0,786444.0
2018-06-13,4705.0,215.0,4925.0,4955.0,4675.0,786444.0
2018-06-14,4535.0,170.0,4720.0,4765.0,4450.0,1431433.0
2018-06-15,4575.0,40.0,4535.0,4665.0,4535.0,308986.0
2018-06-16,4575.0,40.0,4535.0,4665.0,4535.0,308986.0
2018-06-17,4575.0,40.0,4535.0,4665.0,4535.0,308986.0
2018-06-18,4435.0,140.0,4590.0,4640.0,4410.0,299269.0
2018-06-19,4250.0,185.0,4400.0,4470.0,4235.0,275159.0
2018-06-20,4385.0,135.0,4250.0,4430.0,4245.0,166593.0
2018-06-21,4480.0,95.0,4385.0,4670.0,4385.0,349805.0
2018-06-22,4420.0,60.0,4480.0,4500.0,4365.0,168438.0
2018-06-23,4420.0,60.0,4480.0,4500.0,4365.0,168438.0
2018-06-24,4420.0,60.0,4480.0,4500.0,4365.0,168438.0
2018-06-25,4445.0,25.0,4370.0,4475.0,4360.0,68760.0
2018-06-26,4400.0,45.0,4350.0,4420.0,4340.0,78380.0
2018-06-27,4520.0,120.0,4365.0,4525.0,4365.0,95066.0
2018-06-28,4405.0,115.0,4525.0,4525.0,4400.0,111759.0
2018-06-29,4325.0,80.0,4340.0,4370.0,4265.0,95245.0
2018-06-30,4325.0,80.0,4340.0,4370.0,4265.0,95245.0
2018-07-01,4325.0,80.0,4340.0,4370.0,4265.0,95245.0
2018-07-02,4210.0,115.0,4355.0,4430.0,4205.0,118779.0
2018-07-03,4050.0,160.0,4125.0,4210.0,4030.0,263231.0
2018-07-04,4145.0,95.0,3985.0,4150.0,3985.0,105386.0
2018-07-05,4020.0,125.0,4170.0,4175.0,3980.0,154112.0
2018-07-06,4070.0,50.0,4005.0,4080.0,3980.0,93504.0
2018-07-07,4070.0,50.0,4005.0,4080.0,3980.0,93504.0
2018-07-08,4070.0,50.0,4005.0,4080.0,3980.0,93504.0
2018-07-09,4060.0,10.0,4015.0,4100.0,4015.0,60514.0
2018-07-10,4155.0,95.0,4060.0,4155.0,4060.0,72756.0
2018-07-11,4135.0,20.0,4155.0,4185.0,4100.0,60786.0
2018-07-12,4200.0,65.0,4190.0,4275.0,4150.0,122601.0
2018-07-13,4245.0,45.0,4250.0,4285.0,4210.0,71005.0
2018-07-14,4245.0,45.0,4250.0,4285.0,4210.0,71005.0
2018-07-15,4245.0,45.0,4250.0,4285.0,4210.0,71005.0
2018-07-16,4220.0,25.0,4260.0,4300.0,4220.0,114674.0
2018-07-17,4325.0,105.0,4230.0,4375.0,4225.0,186927.0
2018-07-18,4320.0,5.0,4330.0,4370.0,4300.0,121629.0
2018-07-19,4200.0,120.0,4330.0,4345.0,4175.0,132238.0
2018-07-20,4195.0,5.0,4200.0,4255.0,4165.0,93151.0
2018-07-21,4195.0,5.0,4200.0,4255.0,4165.0,93151.0
2018-07-22,4195.0,5.0,4200.0,4255.0,4165.0,93151.0
2018-07-23,4025.0,170.0,4200.0,4200.0,4020.0,136315.0
2018-07-24,4025.0,0.0,3960.0,4065.0,3925.0,132909.0
2018-07-25,3985.0,40.0,4005.0,4045.0,3970.0,156827.0
2018-07-26,4030.0,45.0,3995.0,4060.0,3995.0,104673.0
2018-07-27,4070.0,40.0,4060.0,4085.0,4025.0,131745.0
2018-07-28,4070.0,40.0,4060.0,4085.0,4025.0,131745.0
2018-07-29,4070.0,40.0,4060.0,4085.0,4025.0,131745.0
2018-07-30,4065.0,5.0,4075.0,4090.0,4015.0,58767.0
2018-07-31,4060.0,5.0,4060.0,4100.0,4010.0,64266.0
2018-08-01,4150.0,90.0,4075.0,4160.0,4060.0,110753.0
2018-08-02,4090.0,60.0,4160.0,4160.0,4090.0,76596.0
2018-08-03,4135.0,45.0,4095.0,4150.0,4085.0,29905.0
2018-08-04,4135.0,45.0,4095.0,4150.0,4085.0,29905.0
2018-08-05,4135.0,45.0,4095.0,4150.0,4085.0,29905.0
2018-08-06,4165.0,30.0,4150.0,4225.0,4130.0,73063.0
2018-08-07,4125.0,40.0,4180.0,4200.0,4060.0,76893.0
2018-08-08,4175.0,50.0,4125.0,4200.0,4120.0,75909.0
2018-08-09,4170.0,5.0,4150.0,4195.0,4125.0,70402.0
2018-08-10,4120.0,50.0,4130.0,4175.0,4120.0,76669.0
2018-08-11,4120.0,50.0,4130.0,4175.0,4120.0,76669.0
2018-08-12,4120.0,50.0,4130.0,4175.0,4120.0,76669.0
2018-08-13,3995.0,125.0,4120.0,4120.0,3990.0,152377.0
2018-08-14,3970.0,25.0,4005.0,4020.0,3930.0,114699.0
2018-08-15,3970.0,25.0,4005.0,4020.0,3930.0,114699.0
2018-08-16,3950.0,20.0,3970.0,3975.0,3895.0,80290.0
2018-08-17,3940.0,10.0,3925.0,4020.0,3925.0,94043.0
2018-08-18,3940.0,10.0,3925.0,4020.0,3925.0,94043.0
2018-08-19,3940.0,10.0,3925.0,4020.0,3925.0,94043.0
2018-08-20,3945.0,5.0,3940.0,3970.0,3940.0,65691.0
2018-08-21,4020.0,75.0,3930.0,4030.0,3930.0,57086.0
2018-08-22,4050.0,30.0,4025.0,4065.0,3980.0,95243.0
2018-08-23,4045.0,5.0,4060.0,4095.0,4020.0,76750.0
2018-08-24,4085.0,40.0,4045.0,4130.0,4045.0,65937.0
2018-08-25,4085.0,40.0,4045.0,4130.0,4045.0,65937.0
2018-08-26,4085.0,40.0,4045.0,4130.0,4045.0,65937.0
2018-08-27,4260.0,175.0,4110.0,4270.0,4070.0,239820.0
2018-08-28,4155.0,105.0,4260.0,4270.0,4155.0,116148.0
2018-08-29,4190.0,35.0,4230.0,4245.0,4160.0,65263.0
2018-08-30,4220.0,30.0,4220.0,4240.0,4170.0,75219.0
2018-08-31,4225.0,5.0,4215.0,4260.0,4190.0,64935.0
2018-09-01,4225.0,5.0,4215.0,4260.0,4190.0,64935.0
2018-09-02,4225.0,5.0,4215.0,4260.0,4190.0,64935.0
2018-09-03,4320.0,95.0,4205.0,4380.0,4200.0,202696.0
2018-09-04,4380.0,60.0,4300.0,4425.0,4280.0,134990.0
2018-09-05,4475.0,95.0,4380.0,4570.0,4380.0,414871.0
2018-09-06,4375.0,100.0,4455.0,4475.0,4350.0,124426.0
2018-09-07,4375.0,0.0,4375.0,4445.0,4370.0,107398.0
2018-09-08,4375.0,0.0,4375.0,4445.0,4370.0,107398.0
2018-09-09,4375.0,0.0,4375.0,4445.0,4370.0,107398.0
2018-09-10,4295.0,80.0,4310.0,4350.0,4255.0,131753.0
2018-09-11,4320.0,25.0,4270.0,4350.0,4230.0,46360.0
2018-09-12,4445.0,125.0,4320.0,4695.0,4320.0,555825.0
2018-09-13,4525.0,80.0,4480.0,4560.0,4420.0,152931.0
2018-09-14,4560.0,35.0,4490.0,4570.0,4490.0,177193.0
2018-09-15,4560.0,35.0,4490.0,4570.0,4490.0,177193.0
2018-09-16,4560.0,35.0,4490.0,4570.0,4490.0,177193.0
2018-09-17,4500.0,60.0,4560.0,4585.0,4435.0,175595.0
2018-09-18,4530.0,30.0,4465.0,4540.0,4440.0,122105.0
2018-09-19,4490.0,40.0,4545.0,4545.0,4455.0,90866.0
2018-09-20,4425.0,65.0,4500.0,4520.0,4400.0,139892.0
2018-09-21,4465.0,40.0,4455.0,4475.0,4390.0,133744.0
2018-09-22,4465.0,40.0,4455.0,4475.0,4390.0,133744.0
2018-09-23,4465.0,40.0,4455.0,4475.0,4390.0,133744.0
2018-09-24,4465.0,40.0,4455.0,4475.0,4390.0,133744.0
2018-09-25,4465.0,40.0,4455.0,4475.0,4390.0,133744.0
2018-09-26,4465.0,40.0,4455.0,4475.0,4390.0,133744.0
2018-09-27,4485.0,20.0,4505.0,4525.0,4420.0,101436.0
2018-09-28,4500.0,15.0,4470.0,4520.0,4450.0,105580.0
2018-09-29,4500.0,15.0,4470.0,4520.0,4450.0,105580.0
2018-09-30,4500.0,15.0,4470.0,4520.0,4450.0,105580.0
2018-10-01,4650.0,150.0,4520.0,4675.0,4480.0,466138.0
2018-10-02,4500.0,150.0,4625.0,4645.0,4455.0,251738.0
2018-10-03,4500.0,150.0,4625.0,4645.0,4455.0,251738.0
2018-10-04,4300.0,200.0,4540.0,4540.0,4225.0,291051.0
2018-10-05,4235.0,65.0,4315.0,4370.0,4160.0,206143.0
2018-10-06,4235.0,65.0,4315.0,4370.0,4160.0,206143.0
2018-10-07,4235.0,65.0,4315.0,4370.0,4160.0,206143.0
2018-10-08,4265.0,30.0,4235.0,4335.0,4200.0,122621.0
2018-10-09,4265.0,30.0,4235.0,4335.0,4200.0,122621.0
2018-10-10,4175.0,90.0,4260.0,4305.0,4125.0,119883.0
2018-10-11,3870.0,305.0,4025.0,4075.0,3850.0,300997.0
2018-10-12,3900.0,30.0,3675.0,3965.0,3675.0,218347.0
2018-10-13,3900.0,30.0,3675.0,3965.0,3675.0,218347.0
2018-10-14,3900.0,30.0,3675.0,3965.0,3675.0,218347.0
2018-10-15,3995.0,95.0,3880.0,4030.0,3860.0,130013.0
2018-10-16,4010.0,15.0,3995.0,4070.0,3990.0,59934.0
2018-10-17,4060.0,50.0,4020.0,4095.0,4020.0,69542.0
2018-10-18,4160.0,100.0,4090.0,4170.0,4040.0,59168.0
2018-10-19,4160.0,0.0,4100.0,4170.0,4045.0,62121.0
2018-10-20,4160.0,0.0,4100.0,4170.0,4045.0,62121.0
2018-10-21,4160.0,0.0,4100.0,4170.0,4045.0,62121.0
2018-10-22,4165.0,5.0,4160.0,4200.0,4120.0,88103.0
2018-10-23,3990.0,175.0,4175.0,4200.0,3985.0,63912.0
2018-10-24,3970.0,20.0,4010.0,4095.0,3940.0,91583.0
2018-10-25,3780.0,190.0,3775.0,3965.0,3720.0,186821.0
2018-10-26,3620.0,160.0,4050.0,4050.0,3575.0,191586.0
2018-10-27,3620.0,160.0,4050.0,4050.0,3575.0,191586.0
2018-10-28,3620.0,160.0,4050.0,4050.0,3575.0,191586.0
2018-10-29,3220.0,400.0,3560.0,3600.0,3220.0,342724.0
2018-10-30,3150.0,70.0,2940.0,3185.0,2940.0,610807.0
2018-10-31,3260.0,110.0,3160.0,3275.0,3135.0,158222.0
2018-11-01,3350.0,90.0,3305.0,3425.0,3285.0,109064.0
2018-11-02,3500.0,150.0,3365.0,3525.0,3365.0,118114.0
2018-11-03,3500.0,150.0,3365.0,3525.0,3365.0,118114.0
2018-11-04,3500.0,150.0,3365.0,3525.0,3365.0,118114.0
2018-11-05,3515.0,15.0,3500.0,3575.0,3400.0,79745.0
2018-11-06,3515.0,0.0,3500.0,3530.0,3455.0,43581.0
2018-11-07,3480.0,35.0,3565.0,3580.0,3455.0,91344.0
2018-11-08,3635.0,155.0,3505.0,3670.0,3455.0,197006.0
2018-11-09,3685.0,50.0,3615.0,3730.0,3595.0,73278.0
2018-11-10,3685.0,50.0,3615.0,3730.0,3595.0,73278.0
2018-11-11,3685.0,50.0,3615.0,3730.0,3595.0,73278.0
2018-11-12,3800.0,115.0,3695.0,3895.0,3615.0,107552.0
2018-11-13,3745.0,55.0,3765.0,3765.0,3555.0,52730.0
2018-11-14,3710.0,35.0,3765.0,3800.0,3695.0,153023.0
2018-11-15,3800.0,90.0,3750.0,3825.0,3665.0,122613.0
2018-11-16,3920.0,120.0,3830.0,4005.0,3820.0,240920.0
2018-11-17,3920.0,120.0,3830.0,4005.0,3820.0,240920.0
2018-11-18,3920.0,120.0,3830.0,4005.0,3820.0,240920.0
2018-11-19,3975.0,55.0,3900.0,3995.0,3885.0,113741.0
2018-11-20,3835.0,140.0,3895.0,3940.0,3835.0,177714.0
2018-11-21,3830.0,5.0,3830.0,3875.0,3685.0,168197.0
2018-11-22,3795.0,35.0,3840.0,3865.0,3765.0,57005.0
2018-11-23,3790.0,5.0,3870.0,3870.0,3780.0,82758.0
2018-11-24,3790.0,5.0,3870.0,3870.0,3780.0,82758.0
2018-11-25,3790.0,5.0,3870.0,3870.0,3780.0,82758.0
2018-11-26,3900.0,110.0,3790.0,3925.0,3785.0,180563.0
2018-11-27,3935.0,35.0,3920.0,3970.0,3890.0,163379.0
2018-11-28,3905.0,30.0,3940.0,4030.0,3880.0,171897.0
2018-11-29,3860.0,45.0,3970.0,3970.0,3825.0,178627.0
2018-11-30,3910.0,50.0,3875.0,3940.0,3820.0,287540.0
2018-12-01,3910.0,50.0,3875.0,3940.0,3820.0,287540.0
2018-12-02,3910.0,50.0,3875.0,3940.0,3820.0,287540.0
2018-12-03,3980.0,70.0,3990.0,4000.0,3920.0,195050.0
2018-12-04,4005.0,25.0,3940.0,4030.0,3940.0,120399.0
2018-12-05,3995.0,10.0,3920.0,4115.0,3905.0,167961.0
2018-12-06,3905.0,90.0,4070.0,4070.0,3870.0,125764.0
2018-12-07,3890.0,15.0,3970.0,3970.0,3870.0,92122.0
2018-12-08,3890.0,15.0,3970.0,3970.0,3870.0,92122.0
2018-12-09,3890.0,15.0,3970.0,3970.0,3870.0,92122.0
2018-12-10,3710.0,180.0,3880.0,3880.0,3705.0,125600.0
2018-12-11,3620.0,90.0,3695.0,3755.0,3595.0,172905.0
2018-12-12,3770.0,150.0,3645.0,3775.0,3645.0,95895.0
2018-12-13,3805.0,35.0,3775.0,3825.0,3725.0,70960.0
2018-12-14,3750.0,55.0,3850.0,3850.0,3710.0,111261.0
2018-12-15,3750.0,55.0,3850.0,3850.0,3710.0,111261.0
2018-12-16,3750.0,55.0,3850.0,3850.0,3710.0,111261.0
2018-12-17,3380.0,370.0,3670.0,3685.0,3375.0,655607.0
2018-12-18,3345.0,35.0,3335.0,3405.0,3300.0,227351.0
2018-12-19,3395.0,50.0,3375.0,3465.0,3325.0,225928.0
2018-12-20,3210.0,185.0,3355.0,3385.0,3155.0,319398.0
2018-12-21,3170.0,40.0,3230.0,3270.0,3170.0,149294.0
2018-12-22,3170.0,40.0,3230.0,3270.0,3170.0,149294.0
2018-12-23,3170.0,40.0,3230.0,3270.0,3170.0,149294.0
2018-12-24,3020.0,150.0,3165.0,3165.0,3005.0,286850.0
2018-12-25,3020.0,150.0,3165.0,3165.0,3005.0,286850.0
2018-12-26,2925.0,95.0,2980.0,2980.0,2900.0,240690.0
2018-12-27,3000.0,75.0,2960.0,3035.0,2945.0,125741.0
2018-12-28,3010.0,10.0,3005.0,3085.0,2995.0,128181.0
2018-12-29,3010.0,10.0,3005.0,3085.0,2995.0,128181.0
2018-12-30,3010.0,10.0,3005.0,3085.0,2995.0,128181.0
2018-12-31,3010.0,10.0,3005.0,3085.0,2995.0,128181.0
2019-01-01,3010.0,10.0,3005.0,3085.0,2995.0,128181.0
2019-01-02,3030.0,20.0,3010.0,3090.0,3005.0,114801.0
2019-01-03,2985.0,45.0,3015.0,3045.0,2980.0,128836.0
2019-01-04,3100.0,115.0,2985.0,3100.0,2910.0,125460.0
2019-01-05,3100.0,115.0,2985.0,3100.0,2910.0,125460.0
2019-01-06,3100.0,115.0,2985.0,3100.0,2910.0,125460.0
2019-01-07,3230.0,130.0,3150.0,3230.0,3100.0,140779.0
2019-01-08,3190.0,40.0,3310.0,3330.0,3150.0,195128.0
2019-01-09,3200.0,10.0,3200.0,3225.0,3180.0,47581.0
2019-01-10,3210.0,10.0,3200.0,3275.0,3200.0,103007.0
2019-01-11,3245.0,35.0,3215.0,3300.0,3200.0,82879.0
2019-01-12,3245.0,35.0,3215.0,3300.0,3200.0,82879.0
2019-01-13,3245.0,35.0,3215.0,3300.0,3200.0,82879.0
2019-01-14,3210.0,35.0,3220.0,3285.0,3190.0,53146.0
2019-01-15,3235.0,25.0,3190.0,3250.0,3190.0,65529.0
2019-01-16,3295.0,60.0,3250.0,3500.0,3250.0,578021.0
2019-01-17,3245.0,50.0,3290.0,3330.0,3245.0,86767.0
2019-01-18,3220.0,25.0,3215.0,3250.0,3205.0,75233.0
2019-01-19,3220.0,25.0,3215.0,3250.0,3205.0,75233.0
2019-01-20,3220.0,25.0,3215.0,3250.0,3205.0,75233.0
2019-01-21,3295.0,75.0,3240.0,3300.0,3225.0,70003.0
2019-01-22,3280.0,15.0,3260.0,3310.0,3260.0,90729.0
2019-01-23,3325.0,45.0,3280.0,3355.0,3250.0,126851.0
2019-01-24,3335.0,10.0,3335.0,3365.0,3310.0,101757.0
2019-01-25,3260.0,75.0,3330.0,3330.0,3210.0,260610.0
2019-01-26,3260.0,75.0,3330.0,3330.0,3210.0,260610.0
2019-01-27,3260.0,75.0,3330.0,3330.0,3210.0,260610.0
2019-01-28,3240.0,20.0,3290.0,3295.0,3230.0,119850.0
2019-01-29,3335.0,95.0,3250.0,3360.0,3235.0,308215.0
2019-01-30,3270.0,65.0,3350.0,3360.0,3250.0,166451.0
2019-01-31,3190.0,80.0,3240.0,3280.0,3180.0,347492.0
2019-02-01,3160.0,30.0,3200.0,3205.0,3150.0,139386.0
2019-02-02,3160.0,30.0,3200.0,3205.0,3150.0,139386.0
2019-02-03,3160.0,30.0,3200.0,3205.0,3150.0,139386.0
2019-02-04,3160.0,30.0,3200.0,3205.0,3150.0,139386.0
2019-02-05,3160.0,30.0,3200.0,3205.0,3150.0,139386.0
2019-02-06,3160.0,30.0,3200.0,3205.0,3150.0,139386.0
2019-02-07,3100.0,60.0,3160.0,3160.0,3085.0,238668.0
2019-02-08,3120.0,20.0,3105.0,3125.0,3095.0,85742.0
2019-02-09,3120.0,20.0,3105.0,3125.0,3095.0,85742.0
2019-02-10,3120.0,20.0,3105.0,3125.0,3095.0,85742.0
2019-02-11,3095.0,25.0,3120.0,3125.0,3065.0,114297.0
2019-02-12,3080.0,15.0,3080.0,3110.0,3075.0,73132.0
2019-02-13,3120.0,40.0,3105.0,3140.0,3100.0,112278.0
2019-02-14,3230.0,110.0,3145.0,3245.0,3110.0,248996.0
2019-02-15,3235.0,5.0,3230.0,3255.0,3195.0,131581.0
2019-02-16,3235.0,5.0,3230.0,3255.0,3195.0,131581.0
2019-02-17,3235.0,5.0,3230.0,3255.0,3195.0,131581.0
2019-02-18,3265.0,30.0,3280.0,3280.0,3245.0,130333.0
2019-02-19,3255.0,10.0,3265.0,3275.0,3190.0,132986.0
2019-02-20,3275.0,20.0,3255.0,3315.0,3240.0,158460.0
2019-02-21,3340.0,65.0,3260.0,3355.0,3260.0,242435.0
2019-02-22,3295.0,45.0,3360.0,3370.0,3280.0,167956.0
2019-02-23,3295.0,45.0,3360.0,3370.0,3280.0,167956.0
2019-02-24,3295.0,45.0,3360.0,3370.0,3280.0,167956.0
2019-02-25,3300.0,5.0,3290.0,3315.0,3270.0,78297.0
2019-02-26,3260.0,40.0,3320.0,3320.0,3245.0,95246.0
2019-02-27,3305.0,45.0,3235.0,3335.0,3235.0,126402.0
2019-02-28,3260.0,45.0,3305.0,3345.0,3260.0,258685.0
2019-03-01,3260.0,45.0,3305.0,3345.0,3260.0,258685.0
2019-03-02,3260.0,45.0,3305.0,3345.0,3260.0,258685.0
2019-03-03,3260.0,45.0,3305.0,3345.0,3260.0,258685.0
2019-03-04,3320.0,60.0,3250.0,3340.0,3250.0,190785.0
2019-03-05,3325.0,5.0,3320.0,3340.0,3300.0,113677.0
2019-03-06,3415.0,90.0,3335.0,3435.0,3315.0,341676.0
2019-03-07,3385.0,30.0,3390.0,3485.0,3350.0,271522.0
2019-03-08,3350.0,35.0,3360.0,3400.0,3350.0,77629.0
2019-03-09,3350.0,35.0,3360.0,3400.0,3350.0,77629.0
2019-03-10,3350.0,35.0,3360.0,3400.0,3350.0,77629.0
2019-03-11,3335.0,15.0,3380.0,3395.0,3225.0,167263.0
2019-03-12,3410.0,75.0,3330.0,3425.0,3330.0,144501.0
2019-03-13,3400.0,10.0,3410.0,3445.0,3380.0,129256.0
2019-03-14,3410.0,10.0,3430.0,3430.0,3345.0,140327.0
2019-03-15,3380.0,30.0,3410.0,3455.0,3370.0,155264.0
2019-03-16,3380.0,30.0,3410.0,3455.0,3370.0,155264.0
2019-03-17,3380.0,30.0,3410.0,3455.0,3370.0,155264.0
2019-03-18,3520.0,140.0,3375.0,3530.0,3365.0,435412.0
2019-03-19,3465.0,55.0,3550.0,3560.0,3455.0,253144.0
2019-03-20,3425.0,40.0,3465.0,3495.0,3400.0,224210.0
2019-03-21,3460.0,35.0,3425.0,3490.0,3390.0,175328.0
2019-03-22,3560.0,100.0,3490.0,3630.0,3490.0,537003.0
2019-03-23,3560.0,100.0,3490.0,3630.0,3490.0,537003.0
2019-03-24,3560.0,100.0,3490.0,3630.0,3490.0,537003.0
2019-03-25,3465.0,95.0,3605.0,3605.0,3450.0,282070.0
2019-03-26,3495.0,30.0,3465.0,3520.0,3440.0,177639.0
2019-03-27,3455.0,40.0,3505.0,3580.0,3450.0,328518.0
2019-03-28,3320.0,135.0,3455.0,3495.0,3290.0,242852.0
2019-03-29,3390.0,70.0,3330.0,3395.0,3300.0,163116.0
2019-03-30,3390.0,70.0,3330.0,3395.0,3300.0,163116.0
2019-03-31,3390.0,70.0,3330.0,3395.0,3300.0,163116.0
2019-04-01,3490.0,100.0,3400.0,3510.0,3375.0,207410.0
2019-04-02,3440.0,50.0,3570.0,3570.0,3440.0,171202.0
2019-04-03,3440.0,0.0,3485.0,3495.0,3410.0,133305.0
2019-04-04,3385.0,55.0,3445.0,3450.0,3355.0,259130.0
2019-04-05,3335.0,50.0,3390.0,3410.0,3335.0,212449.0
2019-04-06,3335.0,50.0,3390.0,3410.0,3335.0,212449.0
2019-04-07,3335.0,50.0,3390.0,3410.0,3335.0,212449.0
2019-04-08,3380.0,45.0,3350.0,3410.0,3350.0,137141.0
2019-04-09,3385.0,5.0,3415.0,3415.0,3350.0,88810.0
2019-04-10,3400.0,15.0,3385.0,3400.0,3330.0,106805.0
2019-04-11,3435.0,35.0,3385.0,3435.0,3385.0,132222.0
2019-04-12,3400.0,35.0,3430.0,3430.0,3370.0,194509.0
2019-04-13,3400.0,35.0,3430.0,3430.0,3370.0,194509.0
2019-04-14,3400.0,35.0,3430.0,3430.0,3370.0,194509.0
2019-04-15,3375.0,25.0,3385.0,3390.0,3335.0,191368.0
2019-04-16,3365.0,10.0,3380.0,3380.0,3305.0,252139.0
2019-04-17,3795.0,430.0,3370.0,3980.0,3340.0,7599807.0
2019-04-18,3635.0,160.0,3805.0,3820.0,3620.0,1373088.0
2019-04-19,3610.0,25.0,3625.0,3700.0,3575.0,836797.0
2019-04-20,3610.0,25.0,3625.0,3700.0,3575.0,836797.0
2019-04-21,3610.0,25.0,3625.0,3700.0,3575.0,836797.0
2019-04-22,3645.0,35.0,3670.0,3730.0,3605.0,695995.0
2019-04-23,3610.0,35.0,3695.0,3695.0,3595.0,487140.0
2019-04-24,3575.0,35.0,3620.0,3670.0,3570.0,418704.0
2019-04-25,3550.0,25.0,3580.0,3645.0,3545.0,498006.0
2019-04-26,3470.0,80.0,3605.0,3615.0,3450.0,485647.0
2019-04-27,3470.0,80.0,3605.0,3615.0,3450.0,485647.0
2019-04-28,3470.0,80.0,3605.0,3615.0,3450.0,485647.0
2019-04-29,3525.0,55.0,3450.0,3570.0,3450.0,245390.0
2019-04-30,3575.0,50.0,3570.0,3630.0,3505.0,401080.0
2019-05-01,3575.0,50.0,3570.0,3630.0,3505.0,401080.0
2019-05-02,3615.0,40.0,3655.0,3675.0,3610.0,609548.0
2019-05-03,3655.0,40.0,3605.0,3660.0,3570.0,374278.0
2019-05-04,3655.0,40.0,3605.0,3660.0,3570.0,374278.0
2019-05-05,3655.0,40.0,3605.0,3660.0,3570.0,374278.0
2019-05-06,3655.0,40.0,3605.0,3660.0,3570.0,374278.0
2019-05-07,3515.0,140.0,3600.0,3605.0,3505.0,330106.0
2019-05-08,3435.0,80.0,3455.0,3500.0,3415.0,270571.0
2019-05-09,3255.0,180.0,3435.0,3480.0,3250.0,442738.0
2019-05-10,3190.0,65.0,3225.0,3290.0,3175.0,282694.0
2019-05-11,3190.0,65.0,3225.0,3290.0,3175.0,282694.0
2019-05-12,3190.0,65.0,3225.0,3290.0,3175.0,282694.0
2019-05-13,3195.0,5.0,3185.0,3300.0,3105.0,142493.0
2019-05-14,3160.0,35.0,3140.0,3200.0,3110.0,152356.0
2019-05-15,3230.0,70.0,3170.0,3240.0,3155.0,105550.0
2019-05-16,3195.0,35.0,3275.0,3275.0,3195.0,122920.0
2019-05-17,3200.0,5.0,3250.0,3250.0,3170.0,102476.0
2019-05-18,3200.0,5.0,3250.0,3250.0,3170.0,102476.0
2019-05-19,3200.0,5.0,3250.0,3250.0,3170.0,102476.0
2019-05-20,3180.0,20.0,3245.0,3245.0,3135.0,143780.0
2019-05-21,3125.0,55.0,3130.0,3180.0,3115.0,131076.0
2019-05-22,3130.0,5.0,3120.0,3180.0,3100.0,93628.0
2019-05-23,3065.0,65.0,3100.0,3155.0,3040.0,163085.0
2019-05-24,3055.0,10.0,3045.0,3100.0,3020.0,162274.0
2019-05-25,3055.0,10.0,3045.0,3100.0,3020.0,162274.0
2019-05-26,3055.0,10.0,3045.0,3100.0,3020.0,162274.0
2019-05-27,3085.0,30.0,3055.0,3095.0,3020.0,81613.0
2019-05-28,3090.0,5.0,3085.0,3145.0,3050.0,75189.0
2019-05-29,3100.0,10.0,3090.0,3140.0,3060.0,53401.0
2019-05-30,3055.0,45.0,3130.0,3135.0,3050.0,70407.0
2019-05-31,3075.0,20.0,3080.0,3080.0,3030.0,61145.0
2019-06-01,3075.0,20.0,3080.0,3080.0,3030.0,61145.0
2019-06-02,3075.0,20.0,3080.0,3080.0,3030.0,61145.0
2019-06-03,3080.0,5.0,3105.0,3105.0,3045.0,44821.0
2019-06-04,3120.0,40.0,3090.0,3120.0,3070.0,55527.0
2019-06-05,3145.0,25.0,3130.0,3150.0,3110.0,52388.0
2019-06-06,3145.0,25.0,3130.0,3150.0,3110.0,52388.0
2019-06-07,3265.0,120.0,3150.0,3265.0,3140.0,179204.0
2019-06-08,3265.0,120.0,3150.0,3265.0,3140.0,179204.0
2019-06-09,3265.0,120.0,3150.0,3265.0,3140.0,179204.0
2019-06-10,3270.0,5.0,3275.0,3295.0,3230.0,124607.0
2019-06-11,3330.0,60.0,3285.0,3355.0,3275.0,147091.0
2019-06-12,3320.0,10.0,3340.0,3350.0,3290.0,83455.0
2019-06-13,3320.0,0.0,3320.0,3360.0,3285.0,69921.0
2019-06-14,3305.0,15.0,3320.0,3350.0,3305.0,71272.0
2019-06-15,3305.0,15.0,3320.0,3350.0,3305.0,71272.0
2019-06-16,3305.0,15.0,3320.0,3350.0,3305.0,71272.0
2019-06-17,3265.0,40.0,3305.0,3325.0,3240.0,63362.0
2019-06-18,3265.0,0.0,3310.0,3310.0,3240.0,62691.0
2019-06-19,3330.0,65.0,3305.0,3395.0,3250.0,210451.0
2019-06-20,3350.0,20.0,3330.0,3370.0,3305.0,75504.0
2019-06-21,3335.0,15.0,3350.0,3350.0,3315.0,57065.0
2019-06-22,3335.0,15.0,3350.0,3350.0,3315.0,57065.0
2019-06-23,3335.0,15.0,3350.0,3350.0,3315.0,57065.0
2019-06-24,3325.0,10.0,3335.0,3375.0,3265.0,100302.0
2019-06-25,3310.0,15.0,3325.0,3325.0,3270.0,72076.0
2019-06-26,3270.0,40.0,3330.0,3330.0,3250.0,117326.0
2019-06-27,3335.0,65.0,3225.0,3435.0,3225.0,296492.0
2019-06-28,3240.0,95.0,3370.0,3375.0,3230.0,210456.0
2019-06-29,3240.0,95.0,3370.0,3375.0,3230.0,210456.0
2019-06-30,3240.0,95.0,3370.0,3375.0,3230.0,210456.0
2019-07-01,3120.0,120.0,3240.0,3280.0,3110.0,211249.0
2019-07-02,3180.0,60.0,3160.0,3200.0,3135.0,55055.0
2019-07-03,3220.0,40.0,3155.0,3255.0,3155.0,96942.0
2019-07-04,3495.0,275.0,3270.0,3550.0,3250.0,1692228.0
2019-07-05,3615.0,120.0,3485.0,3670.0,3475.0,1726017.0
2019-07-06,3615.0,120.0,3485.0,3670.0,3475.0,1726017.0
2019-07-07,3615.0,120.0,3485.0,3670.0,3475.0,1726017.0
2019-07-08,3565.0,50.0,3625.0,3685.0,3560.0,890065.0
2019-07-09,3570.0,5.0,3600.0,3735.0,3445.0,884738.0
2019-07-10,3610.0,40.0,3570.0,3675.0,3540.0,602693.0
2019-07-11,3670.0,60.0,3630.0,3695.0,3570.0,602174.0
2019-07-12,3670.0,0.0,3720.0,3720.0,3640.0,467307.0
2019-07-13,3670.0,0.0,3720.0,3720.0,3640.0,467307.0
2019-07-14,3670.0,0.0,3720.0,3720.0,3640.0,467307.0
2019-07-15,3825.0,155.0,3715.0,3850.0,3645.0,1269803.0
2019-07-16,3770.0,55.0,3915.0,3920.0,3670.0,789869.0
2019-07-17,3610.0,160.0,3730.0,3755.0,3565.0,522837.0
2019-07-18,3780.0,170.0,3565.0,3845.0,3565.0,772615.0
2019-07-19,3805.0,25.0,3750.0,3890.0,3740.0,535983.0
2019-07-20,3805.0,25.0,3750.0,3890.0,3740.0,535983.0
2019-07-21,3805.0,25.0,3750.0,3890.0,3740.0,535983.0
2019-07-22,3985.0,180.0,3880.0,4050.0,3815.0,1849868.0
2019-07-23,3830.0,155.0,3970.0,4030.0,3775.0,857215.0
2019-07-24,3915.0,85.0,3840.0,3955.0,3835.0,550627.0
2019-07-25,4010.0,95.0,3880.0,4025.0,3835.0,912102.0
2019-07-26,3960.0,50.0,4000.0,4000.0,3855.0,635621.0
2019-07-27,3960.0,50.0,4000.0,4000.0,3855.0,635621.0
2019-07-28,3960.0,50.0,4000.0,4000.0,3855.0,635621.0
2019-07-29,4030.0,70.0,4005.0,4080.0,3840.0,1049847.0
2019-07-30,3870.0,160.0,3945.0,3985.0,3785.0,1095602.0
2019-07-31,3825.0,45.0,3895.0,3900.0,3670.0,909485.0
2019-08-01,4050.0,225.0,3780.0,4450.0,3720.0,12667201.0
2019-08-02,4200.0,150.0,3980.0,4265.0,3980.0,4219931.0
2019-08-03,4200.0,150.0,3980.0,4265.0,3980.0,4219931.0
2019-08-04,4200.0,150.0,3980.0,4265.0,3980.0,4219931.0
2019-08-05,4230.0,30.0,4365.0,4550.0,4055.0,4869106.0
2019-08-06,3795.0,435.0,3980.0,4095.0,3600.0,3313777.0
2019-08-07,3900.0,105.0,3880.0,4000.0,3720.0,2408906.0
2019-08-08,4040.0,140.0,4145.0,4180.0,3900.0,3879093.0
2019-08-09,3845.0,195.0,3975.0,4015.0,3635.0,3310274.0
2019-08-10,3845.0,195.0,3975.0,4015.0,3635.0,3310274.0
2019-08-11,3845.0,195.0,3975.0,4015.0,3635.0,3310274.0
2019-08-12,3675.0,170.0,3790.0,3840.0,3635.0,2052653.0
2019-08-13,3615.0,60.0,3685.0,3745.0,3535.0,1919752.0
2019-08-14,3660.0,45.0,3645.0,3725.0,3540.0,1787582.0
2019-08-15,3660.0,45.0,3645.0,3725.0,3540.0,1787582.0
2019-08-16,3525.0,135.0,3615.0,3650.0,3515.0,1544262.0
2019-08-17,3525.0,135.0,3615.0,3650.0,3515.0,1544262.0
2019-08-18,3525.0,135.0,3615.0,3650.0,3515.0,1544262.0
2019-08-19,3300.0,225.0,3590.0,3700.0,3285.0,3307082.0
2019-08-20,3295.0,5.0,3305.0,3330.0,3205.0,879912.0
2019-08-21,3295.0,0.0,3280.0,3330.0,3260.0,527089.0
2019-08-22,3285.0,10.0,3305.0,3315.0,3270.0,430108.0
2019-08-23,3190.0,95.0,3295.0,3320.0,3175.0,848788.0
2019-08-24,3190.0,95.0,3295.0,3320.0,3175.0,848788.0
2019-08-25,3190.0,95.0,3295.0,3320.0,3175.0,848788.0
2019-08-26,3030.0,160.0,3090.0,3155.0,3030.0,643917.0
2019-08-27,3080.0,50.0,3070.0,3135.0,3070.0,437203.0
2019-08-28,3105.0,25.0,3080.0,3120.0,3055.0,286604.0
2019-08-29,3070.0,35.0,3135.0,3140.0,3060.0,301679.0
2019-08-30,3120.0,50.0,3080.0,3130.0,3080.0,331256.0
2019-08-31,3120.0,50.0,3080.0,3130.0,3080.0,331256.0
2019-09-01,3120.0,50.0,3080.0,3130.0,3080.0,331256.0
2019-09-02,3150.0,30.0,3120.0,3150.0,3105.0,223941.0
2019-09-03,3155.0,5.0,3180.0,3180.0,3140.0,171465.0
2019-09-04,3145.0,10.0,3135.0,3180.0,3130.0,228529.0
2019-09-05,3180.0,35.0,3155.0,3220.0,3150.0,217921.0
2019-09-06,3130.0,50.0,3225.0,3225.0,3130.0,245176.0
2019-09-07,3130.0,50.0,3225.0,3225.0,3130.0,245176.0
2019-09-08,3130.0,50.0,3225.0,3225.0,3130.0,245176.0
2019-09-09,3105.0,25.0,3130.0,3190.0,3105.0,243241.0
2019-09-10,3130.0,25.0,3100.0,3155.0,3100.0,245888.0
2019-09-11,3155.0,25.0,3135.0,3175.0,3130.0,303108.0
2019-09-12,3155.0,25.0,3135.0,3175.0,3130.0,303108.0
2019-09-13,3155.0,25.0,3135.0,3175.0,3130.0,303108.0
2019-09-14,3155.0,25.0,3135.0,3175.0,3130.0,303108.0
2019-09-15,3155.0,25.0,3135.0,3175.0,3130.0,303108.0
2019-09-16,3190.0,35.0,3180.0,3200.0,3160.0,373606.0
2019-09-17,3210.0,20.0,3165.0,3220.0,3145.0,310224.0
2019-09-18,3325.0,115.0,3185.0,3335.0,3170.0,1010850.0
2019-09-19,3305.0,20.0,3350.0,3355.0,3275.0,310845.0
2019-09-20,3310.0,5.0,3290.0,3335.0,3275.0,298588.0
2019-09-21,3310.0,5.0,3290.0,3335.0,3275.0,298588.0
2019-09-22,3310.0,5.0,3290.0,3335.0,3275.0,298588.0
2019-09-23,3420.0,110.0,3335.0,3455.0,3305.0,685141.0
2019-09-24,3380.0,40.0,3420.0,3425.0,3315.0,363858.0
2019-09-25,3310.0,70.0,3340.0,3420.0,3285.0,404082.0
