,period,price,volume,ratio
0,2016-01-01,4530.0,4540.0,0.5603100000000001
1,2016-01-02,4530.0,4540.0,0.8965
2,2016-01-03,4530.0,4540.0,0.7764300000000001
3,2016-01-04,4500.0,1241.0,1.7930000000000001
4,2016-01-05,4495.0,3298.0,1.77699
5,2016-01-06,4495.0,4238.0,1.35275
6,2016-01-07,4530.0,880.0,1.801
7,2016-01-08,4500.0,5091.0,1.35275
8,2016-01-09,4500.0,5091.0,1.16064
9,2016-01-10,4500.0,5091.0,0.56831
10,2016-01-11,3975.0,121676.0,2.9776599999999998
11,2016-01-12,3975.0,108652.0,2.66549
12,2016-01-13,3900.0,31145.0,1.8970599999999997
13,2016-01-14,3980.0,22055.0,1.7209599999999998
14,2016-01-15,3985.0,20322.0,1.38477
15,2016-01-16,3985.0,20322.0,0.5202899999999999
16,2016-01-17,3985.0,20322.0,0.48026
17,2016-01-18,3920.0,5817.0,1.19266
18,2016-01-19,3970.0,5758.0,1.27271
19,2016-01-20,3935.0,5395.0,1.2486899999999999
20,2016-01-21,3975.0,726.0,1.18466
21,2016-01-22,3990.0,3778.0,1.1446399999999999
22,2016-01-23,3990.0,3778.0,0.43223999999999996
23,2016-01-24,3990.0,3778.0,0.42423
24,2016-01-25,4020.0,3357.0,1.38477
25,2016-01-26,4040.0,3501.0,1.1446399999999999
26,2016-01-27,3960.0,5921.0,1.23269
27,2016-01-28,4035.0,1953.0,1.32874
28,2016-01-29,3845.0,79440.0,1.67293
29,2016-01-30,3845.0,79440.0,0.69638
30,2016-01-31,3845.0,79440.0,0.5282899999999999
31,2016-02-01,3870.0,6918.0,1.36876
32,2016-02-02,3860.0,7235.0,1.1126200000000002
33,2016-02-03,3860.0,8128.0,1.2486899999999999
34,2016-02-04,3860.0,1893.0,1.09661
35,2016-02-05,3840.0,8355.0,0.91251
36,2016-02-06,3840.0,8355.0,0.32016999999999995
37,2016-02-07,3840.0,8355.0,0.30417
38,2016-02-08,3840.0,8355.0,0.23212
39,2016-02-09,3840.0,8355.0,0.25614000000000003
40,2016-02-10,3840.0,8355.0,0.31217
41,2016-02-11,3810.0,17094.0,1.40878
42,2016-02-12,3545.0,22704.0,1.87304
43,2016-02-13,3545.0,22704.0,0.48026
44,2016-02-14,3545.0,22704.0,0.40821999999999997
45,2016-02-15,3650.0,3998.0,1.47282
46,2016-02-16,3645.0,1569.0,1.21668
47,2016-02-17,3640.0,3314.0,1.0165600000000001
48,2016-02-18,3720.0,3901.0,1.24069
49,2016-02-19,3780.0,3974.0,1.31273
50,2016-02-20,3780.0,3974.0,0.41623000000000004
51,2016-02-21,3780.0,3974.0,0.34419
52,2016-02-22,3800.0,594.0,1.2086700000000001
53,2016-02-23,3820.0,6339.0,1.19266
54,2016-02-24,3880.0,10129.0,1.2486899999999999
55,2016-02-25,3805.0,4188.0,1.03257
56,2016-02-26,3810.0,1423.0,0.9045
57,2016-02-27,3810.0,1423.0,0.3602
58,2016-02-28,3810.0,1423.0,0.32818
59,2016-02-29,3820.0,1473.0,1.0726
60,2016-03-01,3820.0,1473.0,0.46425
61,2016-03-02,3845.0,2374.0,1.0085600000000001
62,2016-03-03,3855.0,3211.0,1.70495
63,2016-03-04,3855.0,3518.0,1.21668
64,2016-03-05,3855.0,3518.0,0.41623000000000004
65,2016-03-06,3855.0,3518.0,0.38421
66,2016-03-07,3905.0,4974.0,1.2647
67,2016-03-08,3920.0,5549.0,1.28071
68,2016-03-09,3935.0,5262.0,1.5768799999999998
69,2016-03-10,3930.0,6206.0,1.52085
70,2016-03-11,3880.0,5521.0,1.23269
71,2016-03-12,3880.0,5521.0,0.34419
72,2016-03-13,3880.0,5521.0,0.3682
73,2016-03-14,3850.0,7547.0,1.19266
74,2016-03-15,3895.0,8275.0,1.0165600000000001
75,2016-03-16,3935.0,5388.0,0.97654
76,2016-03-17,4030.0,13391.0,1.75298
77,2016-03-18,3985.0,6497.0,1.36076
78,2016-03-19,3985.0,6497.0,0.74441
79,2016-03-20,3985.0,6497.0,0.66437
80,2016-03-21,3965.0,21588.0,1.5528600000000001
81,2016-03-22,4140.0,11405.0,2.0171200000000002
82,2016-03-23,4100.0,14984.0,1.66493
83,2016-03-24,4110.0,2103.0,1.5368600000000001
84,2016-03-25,4130.0,4602.0,1.87304
85,2016-03-26,4130.0,4602.0,1.0485799999999998
86,2016-03-27,4130.0,4602.0,1.10461
87,2016-03-28,4100.0,9819.0,1.75298
88,2016-03-29,4160.0,13999.0,1.94508
89,2016-03-30,4135.0,5589.0,2.0811599999999997
90,2016-03-31,4110.0,10089.0,1.87304
91,2016-04-01,4070.0,6277.0,1.83302
92,2016-04-02,4070.0,6277.0,1.0405799999999998
93,2016-04-03,4070.0,6277.0,1.1526399999999999
94,2016-04-04,4075.0,6203.0,2.2252400000000003
95,2016-04-05,4085.0,3388.0,2.0091200000000002
96,2016-04-06,4145.0,5788.0,2.0811599999999997
97,2016-04-07,4170.0,2737.0,2.44136
98,2016-04-08,4140.0,3607.0,2.73753
99,2016-04-09,4140.0,3607.0,1.32073
100,2016-04-10,4140.0,3607.0,1.23269
101,2016-04-11,4155.0,6349.0,2.52141
102,2016-04-12,4200.0,3159.0,2.60946
103,2016-04-13,4200.0,3159.0,1.13663
104,2016-04-14,4195.0,5784.0,2.18522
105,2016-04-15,4225.0,3534.0,1.84103
106,2016-04-16,4225.0,3534.0,0.74441
107,2016-04-17,4225.0,3534.0,0.7924399999999999
108,2016-04-18,4235.0,5101.0,1.75298
109,2016-04-19,4155.0,19601.0,1.98511
110,2016-04-20,4180.0,5849.0,1.92107
111,2016-04-21,4280.0,7120.0,1.70495
112,2016-04-22,4315.0,9571.0,1.70495
113,2016-04-23,4315.0,9571.0,1.0165600000000001
114,2016-04-24,4315.0,9571.0,0.98455
115,2016-04-25,4395.0,37227.0,2.04914
116,2016-04-26,4340.0,5335.0,2.16121
117,2016-04-27,4370.0,3731.0,1.5448600000000001
118,2016-04-28,4315.0,11346.0,1.4968299999999999
119,2016-04-29,4300.0,4066.0,1.0485799999999998
120,2016-04-30,4300.0,4066.0,0.32016999999999995
121,2016-05-01,4300.0,4066.0,0.42423
122,2016-05-02,4230.0,8578.0,1.23269
123,2016-05-03,4255.0,4926.0,1.1446399999999999
124,2016-05-04,4280.0,4040.0,0.92051
125,2016-05-05,4280.0,4040.0,0.3602
126,2016-05-06,4280.0,4040.0,0.43223999999999996
127,2016-05-07,4280.0,4040.0,0.24013
128,2016-05-08,4280.0,4040.0,0.35219
129,2016-05-09,4225.0,19342.0,1.0726
130,2016-05-10,4250.0,3602.0,1.36876
131,2016-05-11,4005.0,29115.0,2.0171200000000002
132,2016-05-12,4085.0,14602.0,1.40878
133,2016-05-13,4185.0,48671.0,1.16865
134,2016-05-14,4185.0,48671.0,0.38421
135,2016-05-15,4185.0,48671.0,0.35219
136,2016-05-16,4215.0,19095.0,1.24069
137,2016-05-17,4090.0,10515.0,1.2486899999999999
138,2016-05-18,4135.0,7997.0,1.35275
139,2016-05-19,4135.0,9250.0,1.0886
140,2016-05-20,4130.0,23920.0,1.28872
141,2016-05-21,4130.0,23920.0,0.27215
142,2016-05-22,4130.0,23920.0,0.28015
143,2016-05-23,4115.0,9483.0,1.19266
144,2016-05-24,4140.0,28998.0,1.09661
145,2016-05-25,4150.0,16158.0,1.0005600000000001
146,2016-05-26,4175.0,3495.0,0.97654
147,2016-05-27,4170.0,6857.0,1.47282
148,2016-05-28,4170.0,6857.0,0.7924399999999999
149,2016-05-29,4170.0,6857.0,0.64836
150,2016-05-30,4165.0,2629.0,1.47282
151,2016-05-31,4160.0,9194.0,1.67293
152,2016-06-01,4150.0,11315.0,1.5848799999999998
153,2016-06-02,4160.0,9552.0,1.76098
154,2016-06-03,4165.0,10372.0,1.23269
155,2016-06-04,4165.0,10372.0,0.66437
156,2016-06-05,4165.0,10372.0,0.48026
157,2016-06-06,4165.0,10372.0,0.67237
158,2016-06-07,4105.0,5161.0,1.28872
159,2016-06-08,4045.0,40094.0,1.6249
160,2016-06-09,3975.0,5230.0,1.29672
161,2016-06-10,4030.0,1426.0,1.5848799999999998
162,2016-06-11,4030.0,1426.0,0.49627
163,2016-06-12,4030.0,1426.0,0.40021999999999996
164,2016-06-13,4020.0,14587.0,1.4328
165,2016-06-14,3970.0,9162.0,1.4328
166,2016-06-15,3975.0,7533.0,1.40078
167,2016-06-16,3945.0,4527.0,1.2567
168,2016-06-17,3985.0,7308.0,1.36876
169,2016-06-18,3985.0,7308.0,0.5122800000000001
170,2016-06-19,3985.0,7308.0,0.44825
171,2016-06-20,3965.0,1911.0,0.9525299999999999
172,2016-06-21,3955.0,12233.0,1.2567
173,2016-06-22,3955.0,915.0,1.40078
174,2016-06-23,3945.0,7403.0,1.16865
175,2016-06-24,3940.0,18537.0,1.38477
176,2016-06-25,3940.0,18537.0,0.45625
177,2016-06-26,3940.0,18537.0,0.69638
178,2016-06-27,3895.0,4497.0,1.5448600000000001
179,2016-06-28,3900.0,9477.0,1.40078
180,2016-06-29,3875.0,20526.0,1.28872
181,2016-06-30,3890.0,7463.0,1.24069
182,2016-07-01,3880.0,10303.0,1.19266
183,2016-07-02,3880.0,10303.0,0.5202899999999999
184,2016-07-03,3880.0,10303.0,0.58432
185,2016-07-04,3885.0,1529.0,1.36076
186,2016-07-05,3900.0,8310.0,1.23269
187,2016-07-06,3900.0,10088.0,1.2486899999999999
188,2016-07-07,3945.0,4264.0,1.09661
189,2016-07-08,3950.0,9012.0,1.42479
190,2016-07-09,3950.0,9012.0,0.48026
191,2016-07-10,3950.0,9012.0,0.46425
192,2016-07-11,3985.0,4676.0,1.28872
193,2016-07-12,4015.0,5169.0,1.09661
194,2016-07-13,4045.0,20362.0,1.22468
195,2016-07-14,4015.0,5652.0,1.30473
196,2016-07-15,3980.0,12238.0,1.2647
197,2016-07-16,3980.0,12238.0,0.5443
198,2016-07-17,3980.0,12238.0,0.40821999999999997
199,2016-07-18,4185.0,79132.0,2.0731599999999997
200,2016-07-19,4185.0,60992.0,1.6089
201,2016-07-20,4105.0,32028.0,1.32874
202,2016-07-21,4095.0,13060.0,1.16064
203,2016-07-22,4090.0,26292.0,1.4968299999999999
204,2016-07-23,4090.0,26292.0,0.64035
205,2016-07-24,4090.0,26292.0,0.38421
206,2016-07-25,4150.0,24912.0,1.31273
207,2016-07-26,4145.0,8425.0,1.66493
208,2016-07-27,4140.0,40818.0,1.56087
209,2016-07-28,4350.0,84568.0,1.7209599999999998
210,2016-07-29,4260.0,41976.0,1.801
211,2016-07-30,4260.0,41976.0,0.5282899999999999
212,2016-07-31,4260.0,41976.0,0.38421
213,2016-08-01,4060.0,57379.0,1.52085
214,2016-08-02,4065.0,34401.0,1.52085
215,2016-08-03,4020.0,28326.0,1.60089
216,2016-08-04,4100.0,12631.0,1.59289
217,2016-08-05,4095.0,14514.0,1.63291
218,2016-08-06,4095.0,14514.0,0.59233
219,2016-08-07,4095.0,14514.0,0.5282899999999999
220,2016-08-08,4115.0,37387.0,1.51284
221,2016-08-09,4170.0,157735.0,2.2252400000000003
222,2016-08-10,4050.0,82740.0,2.64147
223,2016-08-11,4030.0,21830.0,1.9050599999999998
224,2016-08-12,3990.0,22914.0,1.78499
225,2016-08-13,3990.0,22914.0,0.58432
226,2016-08-14,3990.0,22914.0,0.48827
227,2016-08-15,3990.0,22914.0,0.5443
228,2016-08-16,3965.0,45087.0,1.7209599999999998
229,2016-08-17,3900.0,78806.0,1.7930000000000001
230,2016-08-18,3995.0,12692.0,1.68094
231,2016-08-19,4080.0,15684.0,1.6249
232,2016-08-20,4080.0,15684.0,0.37621
233,2016-08-21,4080.0,15684.0,0.49627
234,2016-08-22,4030.0,7948.0,1.68094
235,2016-08-23,4020.0,2407.0,1.70495
236,2016-08-24,3995.0,8033.0,1.48082
237,2016-08-25,3970.0,9690.0,1.44881
238,2016-08-26,4010.0,5429.0,1.33674
239,2016-08-27,4010.0,5429.0,0.39221
240,2016-08-28,4010.0,5429.0,0.65636
241,2016-08-29,3995.0,10184.0,1.50484
242,2016-08-30,4250.0,776701.0,4.5785599999999995
243,2016-08-31,4560.0,886246.0,5.53109
244,2016-09-01,4535.0,188094.0,4.39446
245,2016-09-02,4690.0,320135.0,4.37845
246,2016-09-03,4690.0,320135.0,1.6089
247,2016-09-04,4690.0,320135.0,1.48082
248,2016-09-05,5680.0,3325904.0,19.659000000000002
249,2016-09-06,5700.0,798035.0,12.022730000000001
250,2016-09-07,5680.0,371113.0,8.516760000000001
251,2016-09-08,5420.0,1678730.0,10.31777
252,2016-09-09,5730.0,321205.0,7.6923
253,2016-09-10,5730.0,321205.0,4.09829
254,2016-09-11,5730.0,321205.0,3.2418099999999996
255,2016-09-12,5990.0,1371267.0,13.35948
256,2016-09-13,6050.0,362660.0,8.0525
257,2016-09-14,6050.0,362660.0,2.24125
258,2016-09-15,6050.0,362660.0,1.88105
259,2016-09-16,6050.0,362660.0,1.7289599999999998
260,2016-09-17,6050.0,362660.0,1.76899
261,2016-09-18,6050.0,362660.0,2.0091200000000002
262,2016-09-19,5850.0,289679.0,6.83582
263,2016-09-20,5740.0,190855.0,5.77923
264,2016-09-21,5500.0,313190.0,5.12286
265,2016-09-22,5280.0,410492.0,4.7866800000000005
266,2016-09-23,5380.0,127949.0,3.7941199999999995
267,2016-09-24,5380.0,127949.0,1.02457
268,2016-09-25,5380.0,127949.0,1.0806
269,2016-09-26,5490.0,119701.0,3.03369
270,2016-09-27,5750.0,1060381.0,6.8518300000000005
271,2016-09-28,7470.0,5092145.0,38.12535
272,2016-09-29,7000.0,1993398.0,26.09461
273,2016-09-30,6660.0,4807404.0,23.35707
274,2016-10-01,6660.0,4807404.0,4.73865
275,2016-10-02,6660.0,4807404.0,4.0102400000000005
276,2016-10-03,6660.0,4807404.0,4.13031
277,2016-10-04,6450.0,2253333.0,20.45945
278,2016-10-05,6690.0,729432.0,14.57616
279,2016-10-06,6550.0,524876.0,11.27031
280,2016-10-07,6170.0,475011.0,8.81293
281,2016-10-08,6170.0,475011.0,2.24125
282,2016-10-09,6170.0,475011.0,1.98511
283,2016-10-10,5930.0,164791.0,7.139989999999999
284,2016-10-11,5670.0,279166.0,6.56367
285,2016-10-12,5530.0,234587.0,6.28351
286,2016-10-13,5410.0,130717.0,5.9073
287,2016-10-14,5400.0,144955.0,4.93876
288,2016-10-15,5400.0,144955.0,1.7369700000000001
289,2016-10-16,5400.0,144955.0,1.78499
290,2016-10-17,5390.0,171300.0,5.43504
291,2016-10-18,5250.0,98839.0,5.33098
292,2016-10-19,5330.0,119554.0,4.73064
293,2016-10-20,5050.0,182743.0,4.95477
294,2016-10-21,5100.0,102726.0,3.9462
295,2016-10-22,5100.0,102726.0,1.19266
296,2016-10-23,5100.0,102726.0,1.2086700000000001
297,2016-10-24,5190.0,63724.0,4.19434
298,2016-10-25,5600.0,1107537.0,9.2932
299,2016-10-26,5700.0,1895339.0,11.20627
300,2016-10-27,5670.0,451632.0,9.54134
301,2016-10-28,7370.0,3138846.0,46.46602
302,2016-10-29,7370.0,3138846.0,10.3578
303,2016-10-30,7370.0,3138846.0,10.26174
304,2016-10-31,8260.0,12136480.0,77.53141
305,2016-11-01,7400.0,3421418.0,45.0012
306,2016-11-02,7150.0,3591946.0,35.387809999999995
307,2016-11-03,8180.0,12227227.0,68.96661999999999
308,2016-11-04,8460.0,5980957.0,51.98911
309,2016-11-05,8460.0,5980957.0,9.3012
310,2016-11-06,8460.0,5980957.0,9.98959
311,2016-11-07,8270.0,2886794.0,33.70687
312,2016-11-08,7850.0,2148074.0,27.54342
313,2016-11-09,7140.0,1703544.0,21.06779
314,2016-11-10,8620.0,8233552.0,40.68678
315,2016-11-11,8360.0,2155470.0,29.224359999999997
316,2016-11-12,8360.0,2155470.0,5.85928
317,2016-11-13,8360.0,2155470.0,6.18746
318,2016-11-14,9500.0,8394962.0,59.95356999999999
319,2016-11-15,9380.0,5134847.0,53.95821
320,2016-11-16,9540.0,5134904.0,51.39678
321,2016-11-17,9450.0,1738199.0,33.15456
322,2016-11-18,8920.0,802768.0,22.54062
323,2016-11-19,8920.0,802768.0,4.60257
324,2016-11-20,8920.0,802768.0,5.66717
325,2016-11-21,8200.0,1081779.0,21.54806
326,2016-11-22,8210.0,563516.0,16.12903
327,2016-11-23,9000.0,4168974.0,28.25582
328,2016-11-24,8750.0,1167790.0,19.36284
329,2016-11-25,9130.0,7556700.0,41.159040000000005
330,2016-11-26,9130.0,7556700.0,4.94677
331,2016-11-27,9130.0,7556700.0,4.96277
332,2016-11-28,9140.0,2153300.0,22.70071
333,2016-11-29,9030.0,2423030.0,25.9025
334,2016-11-30,8850.0,525792.0,17.745929999999998
335,2016-12-01,8290.0,535643.0,15.472660000000001
336,2016-12-02,8190.0,347033.0,12.34291
337,2016-12-03,8190.0,347033.0,2.41735
338,2016-12-04,8190.0,347033.0,2.89762
339,2016-12-05,8460.0,742339.0,16.81741
340,2016-12-06,8390.0,408533.0,12.27087
341,2016-12-07,7700.0,512043.0,12.39093
342,2016-12-08,8020.0,609317.0,12.511
343,2016-12-09,8040.0,496338.0,13.20739
344,2016-12-10,8040.0,496338.0,2.56943
345,2016-12-11,8040.0,496338.0,2.2252400000000003
346,2016-12-12,8190.0,409623.0,14.04786
347,2016-12-13,7980.0,719740.0,12.39093
348,2016-12-14,7670.0,189111.0,9.55735
349,2016-12-15,7730.0,179830.0,8.941
350,2016-12-16,7750.0,141950.0,7.37212
351,2016-12-17,7750.0,141950.0,1.71295
352,2016-12-18,7750.0,141950.0,1.32874
353,2016-12-19,7920.0,184694.0,8.18858
354,2016-12-20,7970.0,214935.0,7.65228
355,2016-12-21,8350.0,551624.0,11.102210000000001
356,2016-12-22,8010.0,403468.0,12.61506
357,2016-12-23,7770.0,170999.0,7.220039999999999
358,2016-12-24,7770.0,170999.0,1.71295
359,2016-12-25,7770.0,170999.0,1.6169
360,2016-12-26,8600.0,2116592.0,22.78075
361,2016-12-27,8320.0,715414.0,15.224520000000002
362,2016-12-28,8300.0,385386.0,11.04618
363,2016-12-29,8610.0,3832365.0,26.03858
364,2016-12-30,8610.0,3832365.0,5.95533
365,2016-12-31,8610.0,3832365.0,2.81757
366,2017-01-01,8610.0,3832365.0,3.65004
367,2017-01-02,8690.0,1245979.0,23.55719
368,2017-01-03,8660.0,371396.0,14.27999
369,2017-01-04,8420.0,271774.0,12.37492
370,2017-01-05,8290.0,240320.0,11.006160000000001
371,2017-01-06,8460.0,228510.0,11.278310000000001
372,2017-01-07,8460.0,228510.0,2.63347
373,2017-01-08,8460.0,228510.0,2.65748
374,2017-01-09,8410.0,525786.0,13.29544
375,2017-01-10,8260.0,220093.0,9.24517
376,2017-01-11,8860.0,977835.0,16.02497
377,2017-01-12,8690.0,296472.0,12.82318
378,2017-01-13,9270.0,4153007.0,30.328979999999998
379,2017-01-14,9270.0,4153007.0,5.45105
380,2017-01-15,9270.0,4153007.0,4.522530000000001
381,2017-01-16,9400.0,1627845.0,24.317610000000002
382,2017-01-17,9600.0,709891.0,18.87456
383,2017-01-18,9320.0,982387.0,18.146160000000002
384,2017-01-19,9440.0,474964.0,17.10557
385,2017-01-20,9300.0,1112382.0,17.30569
386,2017-01-21,9300.0,1112382.0,2.62547
387,2017-01-22,9300.0,1112382.0,2.91363
388,2017-01-23,8750.0,331140.0,14.53614
389,2017-01-24,8340.0,437744.0,14.271989999999999
390,2017-01-25,8160.0,386980.0,13.66365
391,2017-01-26,8040.0,224654.0,10.21371
392,2017-01-27,8040.0,224654.0,2.0011200000000002
393,2017-01-28,8040.0,224654.0,1.51284
394,2017-01-29,8040.0,224654.0,1.56887
395,2017-01-30,8040.0,224654.0,1.99311
396,2017-01-31,7710.0,222682.0,12.62306
397,2017-02-01,7590.0,225796.0,14.35203
398,2017-02-02,6940.0,749124.0,19.97918
399,2017-02-03,6970.0,515647.0,12.98327
400,2017-02-04,6970.0,515647.0,2.3853299999999997
401,2017-02-05,6970.0,515647.0,2.27327
402,2017-02-06,6940.0,139731.0,10.09365
403,2017-02-07,8300.0,4083935.0,45.337379999999996
404,2017-02-08,7690.0,878597.0,22.82878
405,2017-02-09,7660.0,588446.0,17.63387
406,2017-02-10,7200.0,1480926.0,18.02609
407,2017-02-11,7200.0,1480926.0,3.10573
408,2017-02-12,7200.0,1480926.0,2.72952
409,2017-02-13,7190.0,369831.0,11.7986
410,2017-02-14,7100.0,185111.0,9.38125
411,2017-02-15,7030.0,200235.0,8.772910000000001
412,2017-02-16,7100.0,344681.0,8.85295
413,2017-02-17,7090.0,466946.0,9.18114
414,2017-02-18,7090.0,466946.0,1.4968299999999999
415,2017-02-19,7090.0,466946.0,1.24069
416,2017-02-20,7040.0,122008.0,7.47618
417,2017-02-21,7080.0,146071.0,6.89986
418,2017-02-22,7080.0,244458.0,8.54078
419,2017-02-23,7130.0,234626.0,8.941
420,2017-02-24,7140.0,189810.0,7.09197
421,2017-02-25,7140.0,189810.0,1.2086700000000001
422,2017-02-26,7140.0,189810.0,1.63291
423,2017-02-27,7110.0,188549.0,9.157119999999999
424,2017-02-28,6810.0,182639.0,7.18002
425,2017-03-01,6810.0,182639.0,1.9050599999999998
426,2017-03-02,6950.0,328636.0,20.09925
427,2017-03-03,6630.0,245951.0,15.7288
428,2017-03-04,6630.0,245951.0,1.85703
429,2017-03-05,6630.0,245951.0,1.7369700000000001
430,2017-03-06,7100.0,881255.0,15.35259
431,2017-03-07,6980.0,138334.0,8.74889
432,2017-03-08,7040.0,242046.0,9.333219999999999
433,2017-03-09,7750.0,2724995.0,24.03746
434,2017-03-10,7180.0,1743996.0,28.03169
435,2017-03-11,7180.0,1743996.0,3.36188
436,2017-03-12,7180.0,1743996.0,3.41791
437,2017-03-13,6950.0,287014.0,13.647639999999999
438,2017-03-14,6510.0,389024.0,12.22284
439,2017-03-15,6580.0,319256.0,10.429839999999999
440,2017-03-16,6580.0,160648.0,8.468739999999999
441,2017-03-17,6410.0,113820.0,7.23605
442,2017-03-18,6410.0,113820.0,1.70495
443,2017-03-19,6410.0,113820.0,1.5448600000000001
444,2017-03-20,6350.0,260644.0,9.413269999999999
445,2017-03-21,6320.0,109461.0,8.12454
446,2017-03-22,6330.0,135795.0,8.43672
447,2017-03-23,6340.0,141756.0,7.788360000000001
448,2017-03-24,6550.0,239242.0,11.358360000000001
449,2017-03-25,6550.0,239242.0,2.11318
450,2017-03-26,6550.0,239242.0,1.75298
451,2017-03-27,7900.0,3476208.0,49.07548
452,2017-03-28,9080.0,6272394.0,88.34546999999999
453,2017-03-29,9270.0,1792133.0,55.99135
454,2017-03-30,8560.0,819351.0,40.84687
455,2017-03-31,9180.0,4396145.0,52.8616
456,2017-04-01,9180.0,4396145.0,6.82782
457,2017-04-02,9180.0,4396145.0,5.66717
458,2017-04-03,9100.0,899567.0,36.02017
459,2017-04-04,7400.0,1068022.0,35.96413
460,2017-04-05,8000.0,1581618.0,33.60281
461,2017-04-06,7560.0,503941.0,23.08492
462,2017-04-07,7630.0,870121.0,20.84367
463,2017-04-08,7630.0,870121.0,3.08973
464,2017-04-09,7630.0,870121.0,3.65004
465,2017-04-10,6910.0,533820.0,17.80997
466,2017-04-11,6650.0,531136.0,16.064989999999998
467,2017-04-12,6560.0,380566.0,14.04786
468,2017-04-13,6220.0,331476.0,13.01528
469,2017-04-14,6790.0,3085025.0,29.37645
470,2017-04-15,6790.0,3085025.0,3.4019
471,2017-04-16,6790.0,3085025.0,3.50596
472,2017-04-17,7100.0,578148.0,19.48291
473,2017-04-18,6800.0,420468.0,15.56071
474,2017-04-19,7010.0,378346.0,14.49611
475,2017-04-20,6770.0,193915.0,12.24685
476,2017-04-21,6510.0,229678.0,10.9021
477,2017-04-22,6510.0,229678.0,1.9530900000000002
478,2017-04-23,6510.0,229678.0,1.66493
479,2017-04-24,6370.0,499016.0,13.239410000000001
480,2017-04-25,6450.0,160151.0,10.97414
481,2017-04-26,6210.0,264463.0,10.621939999999999
482,2017-04-27,6420.0,1404840.0,16.42519
483,2017-04-28,6120.0,289448.0,10.63795
484,2017-04-29,6120.0,289448.0,1.63291
485,2017-04-30,6120.0,289448.0,1.36876
486,2017-05-01,6120.0,289448.0,2.56943
487,2017-05-02,5000.0,623457.0,15.78483
488,2017-05-03,5000.0,623457.0,3.02569
489,2017-05-04,5080.0,748252.0,14.31201
490,2017-05-05,5080.0,748252.0,2.03313
491,2017-05-06,5080.0,748252.0,1.84103
492,2017-05-07,5080.0,748252.0,1.5368600000000001
493,2017-05-08,5150.0,426829.0,12.54302
494,2017-05-09,5150.0,426829.0,4.28239
495,2017-05-10,4645.0,461504.0,16.849429999999998
496,2017-05-11,4815.0,777868.0,14.039860000000001
497,2017-05-12,4695.0,170602.0,8.92499
498,2017-05-13,4695.0,170602.0,1.45681
499,2017-05-14,4695.0,170602.0,1.35275
500,2017-05-15,4860.0,280348.0,9.061069999999999
501,2017-05-16,4925.0,142167.0,8.68486
502,2017-05-17,4885.0,76667.0,7.404139999999999
503,2017-05-18,4780.0,118341.0,6.387569999999999
504,2017-05-19,5050.0,219596.0,7.26807
505,2017-05-20,5050.0,219596.0,1.46482
506,2017-05-21,5050.0,219596.0,1.34475
507,2017-05-22,5000.0,85184.0,6.90786
508,2017-05-23,4980.0,54711.0,5.8993
509,2017-05-24,4930.0,60254.0,5.08284
510,2017-05-25,4870.0,82404.0,5.21091
511,2017-05-26,4930.0,66885.0,4.77867
512,2017-05-27,4930.0,66885.0,1.0485799999999998
513,2017-05-28,4930.0,66885.0,0.66437
514,2017-05-29,4855.0,36728.0,4.7866800000000005
515,2017-05-30,5040.0,99338.0,6.6117
516,2017-05-31,5260.0,180584.0,7.37212
517,2017-06-01,5150.0,161191.0,6.30753
518,2017-06-02,5210.0,83837.0,5.11486
519,2017-06-03,5210.0,83837.0,0.8724799999999999
520,2017-06-04,5210.0,83837.0,0.74441
521,2017-06-05,5130.0,70888.0,4.77067
522,2017-06-06,5130.0,70888.0,1.0485799999999998
523,2017-06-07,5020.0,91598.0,4.39446
524,2017-06-08,5200.0,120373.0,5.08284
525,2017-06-09,5340.0,150795.0,5.07484
526,2017-06-10,5340.0,150795.0,1.2006700000000001
527,2017-06-11,5340.0,150795.0,1.0005600000000001
528,2017-06-12,5190.0,64684.0,5.1789
529,2017-06-13,5210.0,72742.0,5.0108
530,2017-06-14,5270.0,105803.0,5.03481
531,2017-06-15,5450.0,292594.0,6.30753
532,2017-06-16,5830.0,845761.0,10.50188
533,2017-06-17,5830.0,845761.0,1.6489200000000002
534,2017-06-18,5830.0,845761.0,1.48082
535,2017-06-19,5900.0,171107.0,7.74033
536,2017-06-20,5640.0,158169.0,6.37156
537,2017-06-21,5440.0,144036.0,5.62715
538,2017-06-22,5400.0,88458.0,4.73064
539,2017-06-23,5570.0,104553.0,4.41046
540,2017-06-24,5570.0,104553.0,1.1526399999999999
541,2017-06-25,5570.0,104553.0,0.8564700000000001
542,2017-06-26,5620.0,79547.0,4.60257
543,2017-06-27,5800.0,107679.0,5.81925
544,2017-06-28,5660.0,70462.0,4.57055
545,2017-06-29,5550.0,56430.0,4.338419999999999
546,2017-06-30,5470.0,41570.0,3.2258
547,2017-07-01,5470.0,41570.0,0.8004399999999999
548,2017-07-02,5470.0,41570.0,0.69638
549,2017-07-03,5380.0,85190.0,3.6100199999999996
550,2017-07-04,5420.0,65911.0,3.69006
551,2017-07-05,5690.0,233111.0,5.41103
552,2017-07-06,5670.0,63255.0,4.4825099999999996
553,2017-07-07,5650.0,56708.0,3.84215
554,2017-07-08,5650.0,56708.0,0.64035
555,2017-07-09,5650.0,56708.0,0.75242
556,2017-07-10,5600.0,52654.0,4.330419999999999
557,2017-07-11,5520.0,55394.0,3.41791
558,2017-07-12,5740.0,152912.0,5.371
559,2017-07-13,5690.0,1512541.0,11.198269999999999
560,2017-07-14,5500.0,214035.0,6.291519999999999
561,2017-07-15,5500.0,214035.0,1.0806
562,2017-07-16,5500.0,214035.0,0.75242
563,2017-07-17,5530.0,123080.0,4.77867
564,2017-07-18,5490.0,46235.0,4.02625
565,2017-07-19,5610.0,78967.0,3.77811
566,2017-07-20,5630.0,69955.0,4.74665
567,2017-07-21,5830.0,220037.0,6.7878
568,2017-07-22,5830.0,220037.0,1.12863
569,2017-07-23,5830.0,220037.0,1.05659
570,2017-07-24,5850.0,75901.0,4.5865599999999995
571,2017-07-25,5760.0,36014.0,4.242369999999999
572,2017-07-26,5730.0,46769.0,4.13031
573,2017-07-27,5750.0,61863.0,3.85816
574,2017-07-28,5580.0,71668.0,3.08973
575,2017-07-29,5580.0,71668.0,0.71239
576,2017-07-30,5580.0,71668.0,0.5763199999999999
577,2017-07-31,5630.0,42197.0,3.03369
578,2017-08-01,5530.0,47553.0,3.0577099999999997
579,2017-08-02,5610.0,15823.0,3.16177
580,2017-08-03,5450.0,54529.0,3.3858900000000003
581,2017-08-04,5450.0,16142.0,2.92964
582,2017-08-05,5450.0,16142.0,0.44825
583,2017-08-06,5450.0,16142.0,0.47226
584,2017-08-07,5550.0,9195.0,3.4739400000000002
585,2017-08-08,5480.0,19040.0,3.7941199999999995
586,2017-08-09,5740.0,1325900.0,11.14223
587,2017-08-10,5790.0,249240.0,7.64428
588,2017-08-11,5580.0,157283.0,4.86672
589,2017-08-12,5580.0,157283.0,0.91251
590,2017-08-13,5580.0,157283.0,0.84047
591,2017-08-14,5480.0,105269.0,3.68206
592,2017-08-15,5480.0,105269.0,1.0165600000000001
593,2017-08-16,5550.0,85928.0,4.17033
594,2017-08-17,5550.0,95116.0,3.3458699999999997
595,2017-08-18,5580.0,23790.0,2.76154
596,2017-08-19,5580.0,23790.0,0.7284
597,2017-08-20,5580.0,23790.0,0.64035
598,2017-08-21,5570.0,80703.0,3.8981800000000004
599,2017-08-22,5570.0,32441.0,3.3939
600,2017-08-23,5620.0,66989.0,3.68206
601,2017-08-24,5760.0,216726.0,4.8267
602,2017-08-25,5780.0,62114.0,3.2418099999999996
603,2017-08-26,5780.0,62114.0,0.73641
604,2017-08-27,5780.0,62114.0,0.63235
605,2017-08-28,5640.0,83296.0,2.9936700000000003
606,2017-08-29,5660.0,31638.0,2.9856700000000003
607,2017-08-30,5750.0,85501.0,2.96165
608,2017-08-31,5760.0,26696.0,3.3538699999999997
609,2017-09-01,6190.0,665047.0,5.9313199999999995
610,2017-09-02,6190.0,665047.0,1.40878
611,2017-09-03,6190.0,665047.0,1.4888299999999999
612,2017-09-04,6310.0,320101.0,7.18802
613,2017-09-05,6290.0,190229.0,5.8432699999999995
614,2017-09-06,6330.0,107628.0,4.97078
615,2017-09-07,6440.0,119694.0,4.530530000000001
616,2017-09-08,6180.0,140491.0,4.56255
617,2017-09-09,6180.0,140491.0,1.06459
618,2017-09-10,6180.0,140491.0,1.09661
619,2017-09-11,6010.0,152472.0,4.77067
620,2017-09-12,5950.0,62281.0,3.9061800000000004
621,2017-09-13,5990.0,61531.0,3.9302
622,2017-09-14,6000.0,46914.0,3.36188
623,2017-09-15,5860.0,71853.0,3.2498099999999996
624,2017-09-16,5860.0,71853.0,0.63235
625,2017-09-17,5860.0,71853.0,0.93652
626,2017-09-18,5920.0,45669.0,3.85816
627,2017-09-19,5910.0,46739.0,3.9862300000000004
628,2017-09-20,5680.0,64776.0,3.4099
629,2017-09-21,5490.0,114240.0,3.8181300000000005
630,2017-09-22,5240.0,94581.0,3.36988
631,2017-09-23,5240.0,94581.0,0.62434
632,2017-09-24,5240.0,94581.0,0.7764300000000001
633,2017-09-25,4850.0,96813.0,3.55399
634,2017-09-26,4905.0,73563.0,3.4099
635,2017-09-27,5000.0,51519.0,3.2498099999999996
636,2017-09-28,5050.0,35442.0,2.9856700000000003
637,2017-09-29,5230.0,32356.0,3.1537599999999997
638,2017-09-30,5230.0,32356.0,0.65636
639,2017-10-01,5230.0,32356.0,0.5523
640,2017-10-02,5230.0,32356.0,0.59233
641,2017-10-03,5230.0,32356.0,0.45625
642,2017-10-04,5230.0,32356.0,0.49627
643,2017-10-05,5230.0,32356.0,0.5282899999999999
644,2017-10-06,5230.0,32356.0,0.42423
645,2017-10-07,5230.0,32356.0,0.40821999999999997
646,2017-10-08,5230.0,32356.0,0.84047
647,2017-10-09,5230.0,32356.0,1.03257
648,2017-10-10,5250.0,24864.0,3.49795
649,2017-10-11,5230.0,30002.0,3.33786
650,2017-10-12,5230.0,15268.0,3.19378
651,2017-10-13,5250.0,34740.0,2.94564
652,2017-10-14,5250.0,34740.0,0.81645
653,2017-10-15,5250.0,34740.0,0.5763199999999999
654,2017-10-16,5200.0,18661.0,2.83358
655,2017-10-17,5190.0,22258.0,2.63347
656,2017-10-18,5300.0,150459.0,3.2818300000000002
657,2017-10-19,5200.0,21167.0,3.2017900000000004
658,2017-10-20,5230.0,61838.0,3.87416
659,2017-10-21,5230.0,61838.0,0.67237
660,2017-10-22,5230.0,61838.0,0.59233
661,2017-10-23,5210.0,21172.0,3.13775
662,2017-10-24,5200.0,21085.0,3.12975
663,2017-10-25,5180.0,9687.0,2.65748
664,2017-10-26,5200.0,20689.0,2.67349
665,2017-10-27,5210.0,21065.0,2.61746
666,2017-10-28,5210.0,21065.0,0.59233
667,2017-10-29,5210.0,21065.0,0.58432
668,2017-10-30,5210.0,16236.0,2.96165
669,2017-10-31,5300.0,23617.0,3.4419199999999996
670,2017-11-01,5330.0,26871.0,3.00168
671,2017-11-02,5300.0,22987.0,2.9936700000000003
672,2017-11-03,5320.0,17190.0,2.71351
673,2017-11-04,5320.0,17190.0,0.64836
674,2017-11-05,5320.0,17190.0,0.88049
675,2017-11-06,5320.0,26952.0,3.0657099999999997
676,2017-11-07,5330.0,9825.0,3.0737200000000002
677,2017-11-08,5340.0,19611.0,3.2818300000000002
678,2017-11-09,5530.0,54724.0,4.17833
679,2017-11-10,5550.0,50433.0,3.59401
680,2017-11-11,5550.0,50433.0,0.98455
681,2017-11-12,5550.0,50433.0,0.81645
682,2017-11-13,5260.0,268049.0,6.17145
683,2017-11-14,5250.0,84564.0,4.5865599999999995
684,2017-11-15,5060.0,71721.0,4.21035
685,2017-11-16,5110.0,32823.0,3.97022
686,2017-11-17,5520.0,678310.0,8.50876
687,2017-11-18,5520.0,678310.0,1.60089
688,2017-11-19,5520.0,678310.0,1.17665
689,2017-11-20,5650.0,146316.0,4.98679
690,2017-11-21,5640.0,88416.0,5.1949
691,2017-11-22,5590.0,69714.0,4.05026
692,2017-11-23,5690.0,114447.0,5.22692
693,2017-11-24,5690.0,56926.0,4.37845
694,2017-11-25,5690.0,56926.0,0.88049
695,2017-11-26,5690.0,56926.0,0.67237
696,2017-11-27,5650.0,52507.0,3.9382
697,2017-11-28,5510.0,40106.0,3.67405
698,2017-11-29,5670.0,34776.0,4.09829
699,2017-11-30,5740.0,562727.0,6.98791
700,2017-12-01,6060.0,164246.0,5.875290000000001
701,2017-12-02,6060.0,164246.0,1.24069
702,2017-12-03,6060.0,164246.0,0.84047
703,2017-12-04,6080.0,110505.0,5.9313199999999995
704,2017-12-05,6430.0,407767.0,8.2286
705,2017-12-06,6310.0,204748.0,7.148
706,2017-12-07,6450.0,112374.0,5.891290000000001
707,2017-12-08,6150.0,72752.0,5.11486
708,2017-12-09,6150.0,72752.0,1.31273
709,2017-12-10,6150.0,72752.0,0.97654
710,2017-12-11,6260.0,54495.0,5.39502
711,2017-12-12,6000.0,108498.0,4.86672
712,2017-12-13,6200.0,116498.0,4.85872
713,2017-12-14,6200.0,46438.0,4.50652
714,2017-12-15,6100.0,49985.0,3.68206
715,2017-12-16,6100.0,49985.0,0.98455
716,2017-12-17,6100.0,49985.0,0.73641
717,2017-12-18,6140.0,50105.0,4.73865
718,2017-12-19,6000.0,64874.0,4.242369999999999
719,2017-12-20,5980.0,41217.0,4.20235
720,2017-12-21,5780.0,72303.0,3.87416
721,2017-12-22,6020.0,30620.0,3.5299699999999996
722,2017-12-23,6020.0,30620.0,0.61634
723,2017-12-24,6020.0,30620.0,0.45625
724,2017-12-25,6020.0,30620.0,0.61634
725,2017-12-26,6010.0,29171.0,3.4739400000000002
726,2017-12-27,6000.0,37681.0,3.4019
727,2017-12-28,6060.0,68175.0,3.18578
728,2017-12-29,6060.0,68175.0,1.71295
729,2017-12-30,6060.0,68175.0,0.61634
730,2017-12-31,6060.0,68175.0,0.58432
731,2018-01-01,6060.0,68175.0,0.5282899999999999
732,2018-01-02,6190.0,47788.0,3.3858900000000003
733,2018-01-03,6730.0,326545.0,6.88385
734,2018-01-04,7000.0,353578.0,7.580239999999999
735,2018-01-05,7040.0,148068.0,5.7312
736,2018-01-06,7040.0,148068.0,0.88049
737,2018-01-07,7040.0,148068.0,0.9045
738,2018-01-08,6950.0,109540.0,4.5865599999999995
739,2018-01-09,6750.0,139795.0,4.89874
740,2018-01-10,7200.0,229733.0,6.755780000000001
741,2018-01-11,7220.0,82430.0,5.9073
742,2018-01-12,6960.0,137419.0,6.763780000000001
743,2018-01-13,6960.0,137419.0,1.24069
744,2018-01-14,6960.0,137419.0,1.18466
745,2018-01-15,6920.0,48516.0,5.37901
746,2018-01-16,7070.0,83920.0,5.96333
747,2018-01-17,6850.0,89050.0,5.09885
748,2018-01-18,7030.0,110009.0,5.09885
749,2018-01-19,7080.0,124989.0,5.7312
750,2018-01-20,7080.0,124989.0,1.2086700000000001
751,2018-01-21,7080.0,124989.0,0.8644799999999999
752,2018-01-22,7030.0,32057.0,4.610580000000001
753,2018-01-23,7250.0,138014.0,5.7232
754,2018-01-24,7340.0,56202.0,4.7626599999999994
755,2018-01-25,7770.0,239794.0,6.50764
756,2018-01-26,7670.0,91457.0,5.48307
757,2018-01-27,7670.0,91457.0,1.2647
758,2018-01-28,7670.0,91457.0,0.99255
759,2018-01-29,7420.0,103903.0,5.5471
760,2018-01-30,7400.0,128700.0,4.89874
761,2018-01-31,7600.0,123345.0,4.530530000000001
762,2018-02-01,7650.0,89120.0,4.77867
763,2018-02-02,7700.0,113604.0,4.93876
764,2018-02-03,7700.0,113604.0,1.1126200000000002
765,2018-02-04,7700.0,113604.0,0.9605299999999999
766,2018-02-05,7700.0,97162.0,4.09029
767,2018-02-06,7570.0,156425.0,3.97022
768,2018-02-07,7370.0,49788.0,4.10629
769,2018-02-08,7580.0,53211.0,4.1223
770,2018-02-09,7400.0,55571.0,3.23381
771,2018-02-10,7400.0,55571.0,0.69638
772,2018-02-11,7400.0,55571.0,0.60033
773,2018-02-12,7500.0,66688.0,4.20235
774,2018-02-13,7590.0,78009.0,3.45793
775,2018-02-14,8150.0,141492.0,4.68262
776,2018-02-15,8150.0,141492.0,0.92051
777,2018-02-16,8150.0,141492.0,0.59233
778,2018-02-17,8150.0,141492.0,0.71239
779,2018-02-18,8150.0,141492.0,0.7204
780,2018-02-19,8990.0,422122.0,9.26919
781,2018-02-20,8800.0,150338.0,6.379569999999999
782,2018-02-21,8890.0,111545.0,5.7312
783,2018-02-22,8960.0,102968.0,6.46762
784,2018-02-23,9090.0,62522.0,4.8907300000000005
785,2018-02-24,9090.0,62522.0,0.9605299999999999
786,2018-02-25,9090.0,62522.0,0.8324600000000001
787,2018-02-26,9000.0,77815.0,4.93876
788,2018-02-27,9400.0,98392.0,5.13087
789,2018-02-28,9490.0,111154.0,4.8347
790,2018-03-01,9490.0,111154.0,1.33674
791,2018-03-02,9320.0,26508.0,3.5780000000000003
792,2018-03-03,9320.0,26508.0,0.7924399999999999
793,2018-03-04,9320.0,26508.0,0.66437
794,2018-03-05,9030.0,45496.0,4.04226
795,2018-03-06,9050.0,313660.0,5.39502
796,2018-03-07,9120.0,91199.0,4.63459
797,2018-03-08,10350.0,822998.0,13.519570000000002
798,2018-03-09,10350.0,229450.0,9.59737
799,2018-03-10,10350.0,229450.0,1.6169
800,2018-03-11,10350.0,229450.0,1.4408
801,2018-03-12,11350.0,378441.0,10.1897
802,2018-03-13,11700.0,491948.0,9.453289999999999
803,2018-03-14,11750.0,296069.0,9.19715
804,2018-03-15,11450.0,99439.0,7.28407
805,2018-03-16,11250.0,253774.0,6.80381
806,2018-03-17,11250.0,253774.0,1.51284
807,2018-03-18,11250.0,253774.0,1.24069
808,2018-03-19,11100.0,162310.0,5.57111
809,2018-03-20,11200.0,83990.0,5.49907
810,2018-03-21,11300.0,95210.0,5.57912
811,2018-03-22,10850.0,116696.0,5.03481
812,2018-03-23,10700.0,109318.0,4.60257
813,2018-03-24,10700.0,109318.0,0.9525299999999999
814,2018-03-25,10700.0,109318.0,0.9285100000000001
815,2018-03-26,10950.0,41843.0,3.9302
816,2018-03-27,12000.0,189018.0,6.62771
817,2018-03-28,11300.0,80593.0,5.09085
818,2018-03-29,11300.0,33664.0,4.49051
819,2018-03-30,11300.0,33083.0,4.4665
820,2018-03-31,11300.0,33083.0,0.88049
821,2018-04-01,11300.0,33083.0,0.73641
822,2018-04-02,10500.0,194906.0,5.14688
823,2018-04-03,10650.0,68444.0,4.354430000000001
824,2018-04-04,9700.0,178735.0,5.52309
825,2018-04-05,9840.0,102945.0,4.7626599999999994
826,2018-04-06,9530.0,75097.0,4.01825
827,2018-04-07,9530.0,75097.0,0.8324600000000001
828,2018-04-08,9530.0,75097.0,0.92051
829,2018-04-09,9530.0,41861.0,3.63403
830,2018-04-10,9510.0,21194.0,3.5860000000000003
831,2018-04-11,9520.0,35694.0,3.8981800000000004
832,2018-04-12,9530.0,61314.0,3.85816
833,2018-04-13,9770.0,36025.0,3.36988
834,2018-04-14,9770.0,36025.0,1.03257
835,2018-04-15,9770.0,36025.0,1.0085600000000001
836,2018-04-16,10200.0,77800.0,4.45849
837,2018-04-17,10050.0,40189.0,3.8981800000000004
838,2018-04-18,9720.0,100833.0,3.5780000000000003
839,2018-04-19,9540.0,22893.0,3.74609
840,2018-04-20,9470.0,80144.0,3.4099
841,2018-04-21,9470.0,80144.0,0.8324600000000001
842,2018-04-22,9470.0,80144.0,0.69638
843,2018-04-23,9310.0,151193.0,3.95421
844,2018-04-24,9360.0,64621.0,3.7220800000000005
845,2018-04-25,9310.0,33386.0,3.3458699999999997
846,2018-04-26,9150.0,42661.0,3.17777
847,2018-04-27,9390.0,25926.0,3.13775
848,2018-04-28,9390.0,25926.0,1.1526399999999999
849,2018-04-29,9390.0,25926.0,0.80845
850,2018-04-30,9200.0,71450.0,4.17033
851,2018-05-01,9200.0,71450.0,1.88905
852,2018-05-02,9250.0,38044.0,3.64203
853,2018-05-03,9660.0,63941.0,3.87416
854,2018-05-04,10250.0,138615.0,4.97078
855,2018-05-05,10250.0,138615.0,1.1206200000000002
856,2018-05-06,10250.0,138615.0,0.7764300000000001
857,2018-05-07,10250.0,138615.0,1.1446399999999999
858,2018-05-08,10250.0,131173.0,5.56311
859,2018-05-09,10300.0,46475.0,4.63459
860,2018-05-10,10750.0,47219.0,4.81869
861,2018-05-11,10750.0,30911.0,4.6666099999999995
862,2018-05-12,10750.0,30911.0,0.91251
863,2018-05-13,10750.0,30911.0,0.93652
864,2018-05-14,11150.0,109541.0,5.35499
865,2018-05-15,10700.0,33665.0,5.0028
866,2018-05-16,10900.0,67079.0,4.62659
867,2018-05-17,10400.0,36579.0,4.354430000000001
868,2018-05-18,11150.0,202770.0,5.79524
869,2018-05-19,11150.0,202770.0,1.28872
870,2018-05-20,11150.0,202770.0,1.1206200000000002
871,2018-05-21,11200.0,114867.0,4.90674
872,2018-05-22,11200.0,114867.0,1.4328
873,2018-05-23,11200.0,100176.0,4.354430000000001
874,2018-05-24,11050.0,137949.0,4.21035
875,2018-05-25,10750.0,87958.0,3.45793
876,2018-05-26,10750.0,87958.0,1.0485799999999998
877,2018-05-27,10750.0,87958.0,0.8724799999999999
878,2018-05-28,10450.0,81572.0,4.08228
879,2018-05-29,10200.0,67989.0,4.28239
880,2018-05-30,10050.0,49239.0,3.5299699999999996
881,2018-05-31,10350.0,31758.0,3.18578
882,2018-06-01,10750.0,331411.0,6.603689999999999
883,2018-06-02,10750.0,331411.0,1.9050599999999998
884,2018-06-03,10750.0,331411.0,1.76098
885,2018-06-04,10400.0,69096.0,5.29896
886,2018-06-05,10600.0,72461.0,4.62659
887,2018-06-06,10600.0,72461.0,2.1692099999999996
888,2018-06-07,11050.0,458107.0,8.004480000000001
889,2018-06-08,10800.0,110522.0,4.93076
890,2018-06-09,10800.0,110522.0,1.13663
891,2018-06-10,10800.0,110522.0,1.27271
892,2018-06-11,10300.0,148169.0,5.1789
893,2018-06-12,10250.0,87124.0,4.8827300000000005
894,2018-06-13,10250.0,87124.0,1.59289
895,2018-06-14,10300.0,57055.0,4.10629
896,2018-06-15,11100.0,171984.0,5.33098
897,2018-06-16,11100.0,171984.0,1.67293
898,2018-06-17,11100.0,171984.0,1.83302
899,2018-06-18,11500.0,356644.0,6.09141
900,2018-06-19,11000.0,185139.0,5.69118
901,2018-06-20,11100.0,159394.0,5.10685
902,2018-06-21,10500.0,92770.0,4.1143
903,2018-06-22,10100.0,76062.0,3.84215
904,2018-06-23,10100.0,76062.0,1.0726
905,2018-06-24,10100.0,76062.0,0.8724799999999999
906,2018-06-25,9610.0,186139.0,4.13031
907,2018-06-26,9370.0,47267.0,3.86616
908,2018-06-27,8800.0,112790.0,5.05883
909,2018-06-28,8500.0,103158.0,3.85816
910,2018-06-29,9000.0,89605.0,3.7140699999999995
911,2018-06-30,9000.0,89605.0,0.99255
912,2018-07-01,9000.0,89605.0,0.8965
913,2018-07-02,8430.0,66663.0,3.85015
914,2018-07-03,8910.0,59931.0,3.49795
915,2018-07-04,8670.0,29820.0,3.16177
916,2018-07-05,8490.0,34827.0,3.0577099999999997
917,2018-07-06,8350.0,41861.0,3.10573
918,2018-07-07,8350.0,41861.0,1.02457
919,2018-07-08,8350.0,41861.0,0.73641
920,2018-07-09,7980.0,102423.0,4.02625
921,2018-07-10,8220.0,25622.0,3.4099
922,2018-07-11,8230.0,32100.0,3.0497
923,2018-07-12,8450.0,35090.0,2.9856700000000003
924,2018-07-13,8400.0,23602.0,2.84159
925,2018-07-14,8400.0,23602.0,0.58432
926,2018-07-15,8400.0,23602.0,0.5363
927,2018-07-16,8360.0,8371.0,2.83358
928,2018-07-17,8280.0,4557.0,2.83358
929,2018-07-18,8280.0,23501.0,2.8576
930,2018-07-19,8190.0,11614.0,2.54542
931,2018-07-20,8240.0,9416.0,2.65748
932,2018-07-21,8240.0,9416.0,0.42423
933,2018-07-22,8240.0,9416.0,0.45625
934,2018-07-23,7680.0,63240.0,2.81757
935,2018-07-24,7720.0,23239.0,3.1457599999999997
936,2018-07-25,7600.0,42104.0,2.25726
937,2018-07-26,8040.0,28556.0,2.52941
938,2018-07-27,7780.0,40373.0,2.92163
939,2018-07-28,7780.0,40373.0,0.62434
940,2018-07-29,7780.0,40373.0,0.68038
941,2018-07-30,7800.0,25103.0,2.23325
942,2018-07-31,7840.0,23775.0,1.91307
943,2018-08-01,8180.0,38282.0,2.59345
944,2018-08-02,8290.0,23338.0,2.3132900000000003
945,2018-08-03,8140.0,23240.0,2.26526
946,2018-08-04,8140.0,23240.0,0.5042800000000001
947,2018-08-05,8140.0,23240.0,0.5523
948,2018-08-06,8070.0,35598.0,2.3933400000000002
949,2018-08-07,7980.0,297359.0,5.09085
950,2018-08-08,7990.0,68692.0,3.2898400000000003
951,2018-08-09,7600.0,96933.0,3.0817200000000002
952,2018-08-10,7900.0,93992.0,3.3458699999999997
953,2018-08-11,7900.0,93992.0,1.0485799999999998
954,2018-08-12,7900.0,93992.0,0.8484700000000001
955,2018-08-13,7200.0,250441.0,3.88217
956,2018-08-14,7310.0,88843.0,2.88161
957,2018-08-15,7310.0,88843.0,1.0806
958,2018-08-16,7300.0,71150.0,4.08228
959,2018-08-17,7210.0,63098.0,3.0417
960,2018-08-18,7210.0,63098.0,0.81645
961,2018-08-19,7210.0,63098.0,0.5202899999999999
962,2018-08-20,7640.0,105389.0,3.2017900000000004
963,2018-08-21,8170.0,198668.0,4.354430000000001
964,2018-08-22,8190.0,170174.0,4.0102400000000005
965,2018-08-23,8490.0,124641.0,3.17777
966,2018-08-24,8250.0,82756.0,3.5780000000000003
967,2018-08-25,8250.0,82756.0,0.93652
968,2018-08-26,8250.0,82756.0,0.64836
969,2018-08-27,8290.0,93104.0,3.02569
970,2018-08-28,8670.0,93671.0,3.65004
971,2018-08-29,9320.0,213124.0,6.16345
972,2018-08-30,9900.0,274830.0,6.65972
973,2018-08-31,9890.0,81300.0,4.8907300000000005
974,2018-09-01,9890.0,81300.0,1.1526399999999999
975,2018-09-02,9890.0,81300.0,0.94452
976,2018-09-03,9880.0,87313.0,4.51452
977,2018-09-04,9440.0,126774.0,4.31441
978,2018-09-05,9410.0,109024.0,4.6746099999999995
979,2018-09-06,8800.0,176389.0,4.530530000000001
980,2018-09-07,8820.0,106390.0,3.77011
981,2018-09-08,8820.0,106390.0,1.0726
982,2018-09-09,8820.0,106390.0,0.88049
983,2018-09-10,8740.0,84118.0,3.86616
984,2018-09-11,8850.0,83306.0,4.17833
985,2018-09-12,9150.0,165360.0,4.96277
986,2018-09-13,9310.0,118972.0,6.37156
987,2018-09-14,9370.0,56777.0,4.45049
988,2018-09-15,9370.0,56777.0,1.22468
989,2018-09-16,9370.0,56777.0,1.03257
990,2018-09-17,8960.0,95364.0,3.6180199999999996
991,2018-09-18,8600.0,103995.0,4.2984
992,2018-09-19,8010.0,120001.0,4.13031
993,2018-09-20,8060.0,55123.0,4.066269999999999
994,2018-09-21,8080.0,81285.0,3.7541
995,2018-09-22,8080.0,81285.0,0.8724799999999999
996,2018-09-23,8080.0,81285.0,0.62434
997,2018-09-24,8080.0,81285.0,0.60033
998,2018-09-25,8080.0,81285.0,0.65636
999,2018-09-26,8080.0,81285.0,0.68038
1000,2018-09-27,7780.0,89399.0,3.78612
1001,2018-09-28,7700.0,99448.0,3.67405
1002,2018-09-29,7700.0,99448.0,0.8644799999999999
1003,2018-09-30,7700.0,99448.0,0.69638
1004,2018-10-01,7530.0,76094.0,3.2178
1005,2018-10-02,8030.0,156378.0,4.89874
1006,2018-10-03,8030.0,156378.0,1.70495
1007,2018-10-04,8070.0,52604.0,4.19434
1008,2018-10-05,8320.0,116536.0,5.40302
1009,2018-10-06,8320.0,116536.0,1.76098
1010,2018-10-07,8320.0,116536.0,1.32073
1011,2018-10-08,7800.0,98988.0,4.39446
1012,2018-10-09,7800.0,98988.0,1.30473
1013,2018-10-10,7570.0,46431.0,3.84215
1014,2018-10-11,7150.0,68787.0,3.9382
1015,2018-10-12,7310.0,38701.0,3.5219699999999996
1016,2018-10-13,7310.0,38701.0,0.8724799999999999
1017,2018-10-14,7310.0,38701.0,0.60033
1018,2018-10-15,7590.0,40076.0,3.87416
1019,2018-10-16,7870.0,28419.0,3.86616
1020,2018-10-17,7700.0,28376.0,3.68206
1021,2018-10-18,7790.0,21348.0,3.7300800000000005
1022,2018-10-19,7730.0,16437.0,3.18578
1023,2018-10-20,7730.0,16437.0,0.63235
1024,2018-10-21,7730.0,16437.0,0.41623000000000004
1025,2018-10-22,7550.0,18107.0,3.10573
1026,2018-10-23,7180.0,39520.0,3.41791
1027,2018-10-24,7020.0,32957.0,3.19378
1028,2018-10-25,6740.0,38244.0,3.4099
1029,2018-10-26,6570.0,39735.0,3.02569
1030,2018-10-27,6570.0,39735.0,0.5603100000000001
1031,2018-10-28,6570.0,39735.0,0.5122800000000001
1032,2018-10-29,6480.0,80504.0,3.55399
1033,2018-10-30,7150.0,101803.0,3.7220800000000005
1034,2018-10-31,7350.0,44400.0,3.73809
1035,2018-11-01,7340.0,45575.0,4.01825
1036,2018-11-02,7400.0,21940.0,4.72264
1037,2018-11-03,7400.0,21940.0,0.76042
1038,2018-11-04,7400.0,21940.0,0.8484700000000001
1039,2018-11-05,7350.0,15775.0,4.0102400000000005
1040,2018-11-06,7510.0,30873.0,3.7140699999999995
1041,2018-11-07,7300.0,31084.0,3.3858900000000003
1042,2018-11-08,7560.0,37976.0,3.7621
1043,2018-11-09,7510.0,45271.0,2.9936700000000003
1044,2018-11-10,7510.0,45271.0,0.8324600000000001
1045,2018-11-11,7510.0,45271.0,0.71239
1046,2018-11-12,7500.0,12246.0,2.84959
1047,2018-11-13,7530.0,19234.0,2.88961
1048,2018-11-14,7480.0,16148.0,2.69751
1049,2018-11-15,7370.0,11566.0,2.88161
1050,2018-11-16,7460.0,7346.0,2.61746
1051,2018-11-17,7460.0,7346.0,0.68038
1052,2018-11-18,7460.0,7346.0,0.5763199999999999
1053,2018-11-19,7540.0,13775.0,2.8656
1054,2018-11-20,7400.0,10018.0,2.56943
1055,2018-11-21,7280.0,18540.0,2.64147
1056,2018-11-22,7860.0,1542442.0,13.27943
1057,2018-11-23,7610.0,209051.0,5.39502
1058,2018-11-24,7610.0,209051.0,1.0886
1059,2018-11-25,7610.0,209051.0,0.8724799999999999
1060,2018-11-26,7850.0,168942.0,5.10685
1061,2018-11-27,7980.0,109080.0,6.73176
1062,2018-11-28,8000.0,78847.0,5.44304
1063,2018-11-29,8040.0,68415.0,4.73865
1064,2018-11-30,7800.0,83698.0,3.89017
1065,2018-12-01,7800.0,83698.0,0.74441
1066,2018-12-02,7800.0,83698.0,0.80845
1067,2018-12-03,7770.0,50803.0,4.8347
1068,2018-12-04,8200.0,138868.0,6.771789999999999
1069,2018-12-05,8140.0,89352.0,6.859839999999999
1070,2018-12-06,7880.0,93427.0,5.20291
1071,2018-12-07,8040.0,30515.0,4.03425
1072,2018-12-08,8040.0,30515.0,1.0085600000000001
1073,2018-12-09,8040.0,30515.0,0.9045
1074,2018-12-10,7680.0,68561.0,4.2984
1075,2018-12-11,7580.0,31590.0,4.16233
1076,2018-12-12,7700.0,20821.0,3.56199
1077,2018-12-13,8000.0,39759.0,4.27439
1078,2018-12-14,7970.0,64497.0,4.2904
1079,2018-12-15,7970.0,64497.0,0.9285100000000001
1080,2018-12-16,7970.0,64497.0,0.96854
1081,2018-12-17,7940.0,26662.0,4.17833
1082,2018-12-18,7930.0,28635.0,3.2898400000000003
1083,2018-12-19,7990.0,46916.0,3.77011
1084,2018-12-20,7730.0,41803.0,3.62603
1085,2018-12-21,7750.0,16588.0,2.89762
1086,2018-12-22,7750.0,16588.0,0.70439
1087,2018-12-23,7750.0,16588.0,0.65636
1088,2018-12-24,7750.0,30024.0,2.27327
1089,2018-12-25,7750.0,30024.0,0.7764300000000001
1090,2018-12-26,7400.0,79967.0,3.0657099999999997
1091,2018-12-27,7340.0,14949.0,3.12174
1092,2018-12-28,7360.0,16847.0,2.56143
1093,2018-12-29,7360.0,16847.0,0.61634
1094,2018-12-30,7360.0,16847.0,0.70439
1095,2018-12-31,7360.0,16847.0,1.1526399999999999
1096,2019-01-01,7360.0,16847.0,0.47226
1097,2019-01-02,7290.0,13196.0,2.95365
1098,2019-01-03,7070.0,27895.0,3.31385
1099,2019-01-04,7000.0,40846.0,3.2498099999999996
1100,2019-01-05,7000.0,40846.0,0.81645
1101,2019-01-06,7000.0,40846.0,0.64836
1102,2019-01-07,7180.0,25515.0,3.0817200000000002
1103,2019-01-08,7180.0,20731.0,2.82558
1104,2019-01-09,7330.0,24645.0,3.4659400000000002
1105,2019-01-10,7290.0,6490.0,3.00968
1106,2019-01-11,7440.0,15554.0,2.84959
1107,2019-01-12,7440.0,15554.0,0.68838
1108,2019-01-13,7440.0,15554.0,0.73641
1109,2019-01-14,7600.0,36563.0,3.69006
1110,2019-01-15,7600.0,18684.0,3.7140699999999995
1111,2019-01-16,7630.0,32025.0,3.2097900000000004
1112,2019-01-17,7600.0,15434.0,2.9856700000000003
1113,2019-01-18,7660.0,50273.0,3.0817200000000002
1114,2019-01-19,7660.0,50273.0,0.97654
1115,2019-01-20,7660.0,50273.0,1.4888299999999999
1116,2019-01-21,8290.0,285023.0,7.340110000000001
1117,2019-01-22,8050.0,88361.0,5.57111
1118,2019-01-23,8070.0,62188.0,4.54654
1119,2019-01-24,8080.0,30145.0,3.68206
1120,2019-01-25,8080.0,74175.0,3.77011
1121,2019-01-26,8080.0,74175.0,1.19266
1122,2019-01-27,8080.0,74175.0,0.9525299999999999
1123,2019-01-28,8040.0,68800.0,3.7300800000000005
1124,2019-01-29,8040.0,34237.0,4.13031
1125,2019-01-30,8150.0,113690.0,4.38645
1126,2019-01-31,8170.0,51131.0,3.89017
1127,2019-02-01,8220.0,47324.0,3.2978400000000003
1128,2019-02-02,8220.0,47324.0,0.74441
1129,2019-02-03,8220.0,47324.0,0.65636
1130,2019-02-04,8220.0,47324.0,0.5443
1131,2019-02-05,8220.0,47324.0,0.48026
1132,2019-02-06,8220.0,47324.0,0.74441
1133,2019-02-07,8290.0,41452.0,3.31385
1134,2019-02-08,8270.0,65074.0,2.3853299999999997
1135,2019-02-09,8270.0,65074.0,0.96854
1136,2019-02-10,8270.0,65074.0,0.88049
1137,2019-02-11,8030.0,128991.0,4.442480000000001
1138,2019-02-12,8080.0,38839.0,3.87416
1139,2019-02-13,8250.0,81331.0,3.7941199999999995
1140,2019-02-14,8130.0,29414.0,3.74609
1141,2019-02-15,8040.0,44013.0,2.91363
1142,2019-02-16,8040.0,44013.0,0.81645
1143,2019-02-17,8040.0,44013.0,0.80845
1144,2019-02-18,8200.0,104114.0,4.63459
1145,2019-02-19,8040.0,78975.0,3.7060699999999995
1146,2019-02-20,7850.0,61664.0,3.53798
1147,2019-02-21,7660.0,72677.0,3.31385
1148,2019-02-22,7660.0,35404.0,3.0577099999999997
1149,2019-02-23,7660.0,35404.0,0.7844300000000001
1150,2019-02-24,7660.0,35404.0,0.5202899999999999
1151,2019-02-25,7930.0,56923.0,3.4739400000000002
1152,2019-02-26,7870.0,67421.0,3.55399
1153,2019-02-27,8020.0,43073.0,3.62603
1154,2019-02-28,7750.0,61276.0,2.64948
1155,2019-03-01,7750.0,61276.0,0.7844300000000001
1156,2019-03-02,7750.0,61276.0,0.41623000000000004
1157,2019-03-03,7750.0,61276.0,0.5202899999999999
1158,2019-03-04,7780.0,46929.0,2.90562
1159,2019-03-05,7600.0,44848.0,2.89762
1160,2019-03-06,7430.0,44243.0,2.83358
1161,2019-03-07,7250.0,64922.0,3.5780000000000003
1162,2019-03-08,7200.0,30724.0,3.2097900000000004
1163,2019-03-09,7200.0,30724.0,0.8244600000000001
1164,2019-03-10,7200.0,30724.0,0.71239
1165,2019-03-11,7110.0,35677.0,3.48995
1166,2019-03-12,7190.0,30816.0,3.19378
1167,2019-03-13,7090.0,44708.0,3.45793
1168,2019-03-14,7490.0,191233.0,6.87585
1169,2019-03-15,7440.0,74271.0,4.6666099999999995
1170,2019-03-16,7440.0,74271.0,1.0165600000000001
1171,2019-03-17,7440.0,74271.0,0.99255
1172,2019-03-18,7490.0,44700.0,3.36188
1173,2019-03-19,7550.0,39022.0,3.9862300000000004
1174,2019-03-20,7450.0,30725.0,3.32986
1175,2019-03-21,7360.0,17742.0,2.83358
1176,2019-03-22,7450.0,35077.0,2.80156
1177,2019-03-23,7450.0,35077.0,0.76042
1178,2019-03-24,7450.0,35077.0,0.88049
1179,2019-03-25,7280.0,24432.0,3.63403
1180,2019-03-26,7380.0,16415.0,3.4419199999999996
1181,2019-03-27,7270.0,24477.0,3.0577099999999997
1182,2019-03-28,7230.0,34525.0,2.65748
1183,2019-03-29,7350.0,19887.0,2.55342
1184,2019-03-30,7350.0,19887.0,0.69638
1185,2019-03-31,7350.0,19887.0,0.58432
1186,2019-04-01,7370.0,32194.0,2.96165
1187,2019-04-02,7490.0,27487.0,3.02569
1188,2019-04-03,7580.0,16444.0,3.00168
1189,2019-04-04,7560.0,12261.0,2.89762
1190,2019-04-05,7500.0,24500.0,2.48138
1191,2019-04-06,7500.0,24500.0,0.7764300000000001
1192,2019-04-07,7500.0,24500.0,0.8324600000000001
1193,2019-04-08,7530.0,15017.0,2.84159
1194,2019-04-09,7580.0,33606.0,3.44993
1195,2019-04-10,7480.0,37257.0,3.26582
1196,2019-04-11,7620.0,45917.0,3.36188
1197,2019-04-12,7640.0,25420.0,2.70551
1198,2019-04-13,7640.0,25420.0,0.7844300000000001
1199,2019-04-14,7640.0,25420.0,0.73641
1200,2019-04-15,7880.0,81164.0,4.18634
1201,2019-04-16,7970.0,184455.0,4.7866800000000005
1202,2019-04-17,7860.0,49502.0,3.84215
1203,2019-04-18,7590.0,83916.0,3.19378
1204,2019-04-19,7550.0,60389.0,2.46538
1205,2019-04-20,7550.0,60389.0,0.8564700000000001
1206,2019-04-21,7550.0,60389.0,0.84047
1207,2019-04-22,7560.0,24029.0,3.00168
1208,2019-04-23,7630.0,15976.0,3.0417
1209,2019-04-24,7600.0,25713.0,2.84159
1210,2019-04-25,7570.0,10230.0,2.60145
1211,2019-04-26,7480.0,20410.0,2.24125
1212,2019-04-27,7480.0,20410.0,0.5122800000000001
1213,2019-04-28,7480.0,20410.0,0.5763199999999999
1214,2019-04-29,7450.0,9275.0,2.49739
1215,2019-04-30,7490.0,12171.0,2.0811599999999997
1216,2019-05-01,7490.0,12171.0,0.91251
1217,2019-05-02,7480.0,13355.0,2.20123
1218,2019-05-03,7450.0,61353.0,2.72952
1219,2019-05-04,7450.0,61353.0,0.68838
1220,2019-05-05,7450.0,61353.0,0.39221
1221,2019-05-06,7450.0,61353.0,0.65636
1222,2019-05-07,7230.0,22440.0,2.43336
1223,2019-05-08,7220.0,25512.0,2.18522
1224,2019-05-09,6820.0,67901.0,3.00168
1225,2019-05-10,6800.0,38102.0,2.3293
1226,2019-05-11,6800.0,38102.0,0.64836
1227,2019-05-12,6800.0,38102.0,0.62434
1228,2019-05-13,6610.0,26901.0,2.56943
1229,2019-05-14,6620.0,45784.0,2.93764
1230,2019-05-15,6820.0,21166.0,2.60145
1231,2019-05-16,6810.0,37877.0,2.63347
1232,2019-05-17,6700.0,21657.0,2.1532
1233,2019-05-18,6700.0,21657.0,0.5763199999999999
1234,2019-05-19,6700.0,21657.0,0.5202899999999999
1235,2019-05-20,6640.0,29565.0,2.35331
1236,2019-05-21,6640.0,14918.0,2.63347
1237,2019-05-22,6580.0,14864.0,2.1532
1238,2019-05-23,6450.0,16630.0,2.03313
1239,2019-05-24,6460.0,38433.0,2.05715
1240,2019-05-25,6460.0,38433.0,0.63235
1241,2019-05-26,6460.0,38433.0,0.58432
1242,2019-05-27,6500.0,16715.0,2.09717
1243,2019-05-28,6570.0,10245.0,2.1692099999999996
1244,2019-05-29,6560.0,20527.0,1.9530900000000002
1245,2019-05-30,6560.0,9852.0,1.9771
1246,2019-05-31,6570.0,15008.0,1.8090099999999998
1247,2019-06-01,6570.0,15008.0,0.59233
1248,2019-06-02,6570.0,15008.0,0.5363
1249,2019-06-03,6540.0,11827.0,2.04914
1250,2019-06-04,6530.0,13542.0,1.9771
1251,2019-06-05,6640.0,20968.0,1.76098
1252,2019-06-06,6640.0,20968.0,0.62434
1253,2019-06-07,6650.0,25163.0,1.6409099999999999
1254,2019-06-08,6650.0,25163.0,0.5763199999999999
1255,2019-06-09,6650.0,25163.0,0.60033
1256,2019-06-10,6730.0,13621.0,2.0011200000000002
1257,2019-06-11,6700.0,8914.0,2.4013400000000003
1258,2019-06-12,6700.0,11925.0,2.3132900000000003
1259,2019-06-13,6600.0,15813.0,2.28127
1260,2019-06-14,6490.0,13640.0,1.71295
1261,2019-06-15,6490.0,13640.0,0.46425
1262,2019-06-16,6490.0,13640.0,0.46425
1263,2019-06-17,6500.0,9552.0,1.9050599999999998
1264,2019-06-18,6500.0,44608.0,2.18522
1265,2019-06-19,6500.0,30930.0,2.24125
1266,2019-06-20,6600.0,113712.0,2.75354
1267,2019-06-21,6600.0,21854.0,2.18522
1268,2019-06-22,6600.0,21854.0,0.7284
1269,2019-06-23,6600.0,21854.0,0.5443
1270,2019-06-24,6590.0,13151.0,2.1291900000000004
1271,2019-06-25,6610.0,33085.0,2.47338
1272,2019-06-26,6600.0,32558.0,2.6895
1273,2019-06-27,6480.0,33781.0,2.76955
1274,2019-06-28,6340.0,87202.0,2.74553
1275,2019-06-29,6340.0,87202.0,0.7764300000000001
1276,2019-06-30,6340.0,87202.0,0.59233
1277,2019-07-01,6500.0,138920.0,17.825979999999998
1278,2019-07-02,8450.0,3376317.0,100.0
1279,2019-07-03,9450.0,7685635.0,89.42607
1280,2019-07-04,9330.0,1292603.0,39.67821
1281,2019-07-05,8710.0,930675.0,25.39021
1282,2019-07-06,8710.0,930675.0,4.6746099999999995
1283,2019-07-07,8710.0,930675.0,3.5860000000000003
1284,2019-07-08,9080.0,937144.0,21.56407
1285,2019-07-09,8510.0,491978.0,16.09701
1286,2019-07-10,8620.0,418367.0,12.36692
1287,2019-07-11,8150.0,1277422.0,15.304570000000002
1288,2019-07-12,8150.0,208912.0,9.965580000000001
1289,2019-07-13,8150.0,208912.0,2.04114
1290,2019-07-14,8150.0,208912.0,1.84103
1291,2019-07-15,7900.0,226395.0,9.19715
1292,2019-07-16,8080.0,242173.0,8.97302
1293,2019-07-17,7710.0,413994.0,9.42127
1294,2019-07-18,7380.0,241795.0,8.08452
1295,2019-07-19,7500.0,95567.0,7.3321
1296,2019-07-20,7500.0,95567.0,1.33674
1297,2019-07-21,7500.0,95567.0,1.39277
1298,2019-07-22,7680.0,113635.0,7.436160000000001
1299,2019-07-23,7400.0,113603.0,6.63571
1300,2019-07-24,7350.0,57388.0,5.78724
1301,2019-07-25,7250.0,75951.0,5.57912
1302,2019-07-26,7100.0,88435.0,4.7066300000000005
1303,2019-07-27,7100.0,88435.0,0.88049
1304,2019-07-28,7100.0,88435.0,1.0085600000000001
1305,2019-07-29,6530.0,175984.0,5.57912
1306,2019-07-30,6730.0,121008.0,5.37901
1307,2019-07-31,6930.0,59026.0,4.8907300000000005
1308,2019-08-01,6770.0,27219.0,4.45049
1309,2019-08-02,6770.0,40153.0,4.97878
1310,2019-08-03,6770.0,40153.0,1.1126200000000002
1311,2019-08-04,6770.0,40153.0,0.91251
1312,2019-08-05,6030.0,143379.0,5.5391
1313,2019-08-06,5700.0,101830.0,5.9793400000000005
1314,2019-08-07,5980.0,136891.0,5.75522
1315,2019-08-08,6160.0,53548.0,6.04338
1316,2019-08-09,6150.0,44860.0,4.71464
1317,2019-08-10,6150.0,44860.0,1.09661
1318,2019-08-11,6150.0,44860.0,0.8244600000000001
1319,2019-08-12,6200.0,23599.0,4.51452
1320,2019-08-13,6210.0,43754.0,5.44304
1321,2019-08-14,6330.0,48226.0,5.01881
1322,2019-08-15,6330.0,48226.0,1.5768799999999998
1323,2019-08-16,6230.0,52407.0,4.242369999999999
1324,2019-08-17,6230.0,52407.0,0.80845
1325,2019-08-18,6230.0,52407.0,0.73641
1326,2019-08-19,8090.0,1397081.0,40.390609999999995
1327,2019-08-20,8550.0,6875453.0,62.611059999999995
1328,2019-08-21,8430.0,1524765.0,28.59201
1329,2019-08-22,7990.0,784269.0,20.1793
1330,2019-08-23,7760.0,506127.0,13.2154
1331,2019-08-24,7760.0,506127.0,2.92163
1332,2019-08-25,7760.0,506127.0,2.63347
1333,2019-08-26,7480.0,393173.0,10.50188
1334,2019-08-27,7270.0,518765.0,11.118219999999999
1335,2019-08-28,7270.0,326533.0,9.26919
1336,2019-08-29,7500.0,387942.0,9.26118
1337,2019-08-30,7300.0,273327.0,8.28463
1338,2019-08-31,7300.0,273327.0,1.76899
1339,2019-09-01,7300.0,273327.0,1.7289599999999998
1340,2019-09-02,7370.0,119738.0,7.37212
1341,2019-09-03,7410.0,156537.0,7.30008
1342,2019-09-04,7520.0,148630.0,7.26006
1343,2019-09-05,7470.0,199171.0,7.16401
1344,2019-09-06,7510.0,697579.0,8.54078
1345,2019-09-07,7510.0,697579.0,1.36076
1346,2019-09-08,7510.0,697579.0,1.38477
1347,2019-09-09,7370.0,168667.0,6.89986
1348,2019-09-10,7350.0,138949.0,6.33154
1349,2019-09-11,7560.0,169032.0,6.779789999999999
1350,2019-09-12,7560.0,169032.0,1.2006700000000001
1351,2019-09-13,7560.0,169032.0,0.8244600000000001
1352,2019-09-14,7560.0,169032.0,0.94452
1353,2019-09-15,7560.0,169032.0,1.0806
1354,2019-09-16,7530.0,141903.0,6.52365
1355,2019-09-17,7620.0,111030.0,7.60425
1356,2019-09-18,7500.0,80778.0,6.387569999999999
1357,2019-09-19,7540.0,80519.0,6.571680000000001
1358,2019-09-20,7670.0,85937.0,5.9393199999999995
1359,2019-09-21,7670.0,85937.0,1.46482
1360,2019-09-22,7670.0,85937.0,1.28872
1361,2019-09-23,7610.0,97143.0,6.299519999999999
1362,2019-09-24,7460.0,93103.0,6.01136
1363,2019-09-25,7210.0,129937.0,5.891290000000001
