,period,price,volume,ratio
0,2016-01-01,4990.0,98787.0,0.26186
1,2016-01-02,4990.0,98787.0,0.20538
2,2016-01-03,4990.0,98787.0,0.25331
3,2016-01-04,4915.0,68941.0,0.75137
4,2016-01-05,4950.0,48758.0,0.76507
5,2016-01-06,4965.0,74037.0,0.71714
6,2016-01-07,4820.0,48506.0,0.65895
7,2016-01-08,4930.0,59899.0,0.63156
8,2016-01-09,4930.0,59899.0,0.24645999999999998
9,2016-01-10,4930.0,59899.0,0.23448000000000002
10,2016-01-11,4920.0,22704.0,0.74624
11,2016-01-12,4960.0,70063.0,0.6230100000000001
12,2016-01-13,4955.0,37763.0,0.66408
13,2016-01-14,5000.0,29371.0,0.6247199999999999
14,2016-01-15,4990.0,53642.0,0.60247
15,2016-01-16,4990.0,53642.0,0.21736
16,2016-01-17,4990.0,53642.0,0.22763000000000003
17,2016-01-18,4990.0,32111.0,0.7017399999999999
18,2016-01-19,4985.0,20553.0,0.6503899999999999
19,2016-01-20,4875.0,31754.0,0.6058899999999999
20,2016-01-21,4740.0,29267.0,0.63156
21,2016-01-22,4715.0,25175.0,0.60418
22,2016-01-23,4715.0,25175.0,0.21736
23,2016-01-24,4715.0,25175.0,0.1934
24,2016-01-25,4810.0,19929.0,0.70858
25,2016-01-26,4765.0,10415.0,0.62985
26,2016-01-27,4735.0,25951.0,0.58877
27,2016-01-28,4700.0,30798.0,0.52031
28,2016-01-29,4695.0,24314.0,0.52887
29,2016-01-30,4695.0,24314.0,0.25501999999999997
30,2016-01-31,4695.0,24314.0,0.21223000000000003
31,2016-02-01,4710.0,17715.0,0.62129
32,2016-02-02,4680.0,16179.0,0.49463999999999997
33,2016-02-03,4590.0,29684.0,0.54427
34,2016-02-04,4600.0,20428.0,0.46041000000000004
35,2016-02-05,4575.0,32112.0,0.44158000000000003
36,2016-02-06,4575.0,32112.0,0.16602
37,2016-02-07,4575.0,32112.0,0.15061
38,2016-02-08,4575.0,32112.0,0.22079000000000001
39,2016-02-09,4575.0,32112.0,0.20538
40,2016-02-10,4575.0,32112.0,0.22763000000000003
41,2016-02-11,4355.0,36432.0,0.67606
42,2016-02-12,4150.0,145231.0,0.7257
43,2016-02-13,4150.0,145231.0,0.23961
44,2016-02-14,4150.0,145231.0,0.25673
45,2016-02-15,4165.0,41322.0,0.69831
46,2016-02-16,4250.0,73123.0,0.69489
47,2016-02-17,4640.0,91034.0,0.9464899999999999
48,2016-02-18,4845.0,126351.0,0.86605
49,2016-02-19,4930.0,38882.0,0.86434
50,2016-02-20,4930.0,38882.0,0.3115
51,2016-02-21,4930.0,38882.0,0.30123
52,2016-02-22,4940.0,31391.0,0.86605
53,2016-02-23,4965.0,48786.0,0.81128
54,2016-02-24,5000.0,23010.0,0.76849
55,2016-02-25,4920.0,19789.0,0.69831
56,2016-02-26,4980.0,17883.0,0.64354
57,2016-02-27,4980.0,17883.0,0.267
58,2016-02-28,4980.0,17883.0,0.26015
59,2016-02-29,5070.0,31097.0,0.69489
60,2016-03-01,5070.0,31097.0,0.32006
61,2016-03-02,5080.0,22606.0,0.65895
62,2016-03-03,5170.0,35868.0,0.67093
63,2016-03-04,5150.0,27374.0,0.65381
64,2016-03-05,5150.0,27374.0,0.24645999999999998
65,2016-03-06,5150.0,27374.0,0.27555999999999997
66,2016-03-07,5090.0,28550.0,0.59049
67,2016-03-08,5090.0,18252.0,0.63327
68,2016-03-09,5090.0,11510.0,0.58535
69,2016-03-10,5120.0,16974.0,0.58706
70,2016-03-11,5120.0,15920.0,0.5733699999999999
71,2016-03-12,5120.0,15920.0,0.18656
72,2016-03-13,5120.0,15920.0,0.19683
73,2016-03-14,4990.0,19011.0,0.5631
74,2016-03-15,5040.0,8664.0,0.48095
75,2016-03-16,5060.0,10913.0,0.58022
76,2016-03-17,5060.0,26798.0,0.54427
77,2016-03-18,4985.0,14208.0,0.59049
78,2016-03-19,4985.0,14208.0,0.22079000000000001
79,2016-03-20,4985.0,14208.0,0.17970999999999998
80,2016-03-21,4945.0,50727.0,0.56995
81,2016-03-22,4950.0,8693.0,0.54256
82,2016-03-23,4940.0,4092.0,0.5220199999999999
83,2016-03-24,4935.0,14489.0,0.46383
84,2016-03-25,4920.0,21403.0,0.45356
85,2016-03-26,4920.0,21403.0,0.22079000000000001
86,2016-03-27,4920.0,21403.0,0.24475
87,2016-03-28,4860.0,14734.0,0.534
88,2016-03-29,4900.0,10765.0,0.49293000000000003
89,2016-03-30,4900.0,8351.0,0.46041000000000004
90,2016-03-31,4995.0,22333.0,0.5922
91,2016-04-01,5000.0,16133.0,0.47239
92,2016-04-02,5000.0,16133.0,0.1934
93,2016-04-03,5000.0,16133.0,0.23106
94,2016-04-04,4995.0,18858.0,0.56139
95,2016-04-05,4990.0,19659.0,0.60418
96,2016-04-06,4980.0,7711.0,0.53914
97,2016-04-07,4980.0,7028.0,0.5032
98,2016-04-08,5030.0,22042.0,0.45185
99,2016-04-09,5030.0,22042.0,0.25331
100,2016-04-10,5030.0,22042.0,0.21565
101,2016-04-11,5020.0,14233.0,0.5322899999999999
102,2016-04-12,5440.0,551801.0,1.3915
103,2016-04-13,5440.0,551801.0,0.46383
104,2016-04-14,5570.0,213384.0,1.04234
105,2016-04-15,5510.0,75206.0,0.92766
106,2016-04-16,5510.0,75206.0,0.27385
107,2016-04-17,5510.0,75206.0,0.26871
108,2016-04-18,5430.0,61578.0,0.80957
109,2016-04-19,5500.0,34037.0,0.84209
110,2016-04-20,5490.0,43409.0,0.77362
111,2016-04-21,5380.0,79409.0,0.79074
112,2016-04-22,5290.0,57951.0,0.80101
113,2016-04-23,5290.0,57951.0,0.29096
114,2016-04-24,5290.0,57951.0,0.24816999999999997
115,2016-04-25,5550.0,163141.0,1.12621
116,2016-04-26,5380.0,2076512.0,2.68887
117,2016-04-27,5330.0,126166.0,1.0628799999999998
118,2016-04-28,5250.0,110582.0,0.8985700000000001
119,2016-04-29,5280.0,46846.0,0.82326
120,2016-04-30,5280.0,46846.0,0.28754
121,2016-05-01,5280.0,46846.0,0.24475
122,2016-05-02,5320.0,48613.0,0.8164100000000001
123,2016-05-03,5420.0,37165.0,0.9122600000000001
124,2016-05-04,5400.0,44869.0,0.72228
125,2016-05-05,5400.0,44869.0,0.27726999999999996
126,2016-05-06,5400.0,44869.0,0.28069
127,2016-05-07,5400.0,44869.0,0.24645999999999998
128,2016-05-08,5400.0,44869.0,0.26015
129,2016-05-09,5250.0,35572.0,0.6812
130,2016-05-10,5400.0,43212.0,0.76678
131,2016-05-11,5370.0,44274.0,0.74453
132,2016-05-12,5270.0,37217.0,0.80785
133,2016-05-13,5290.0,43783.0,0.5716600000000001
134,2016-05-14,5290.0,43783.0,0.16773
135,2016-05-15,5290.0,43783.0,0.19510999999999998
136,2016-05-16,5310.0,18692.0,0.61958
137,2016-05-17,5250.0,59688.0,0.72228
138,2016-05-18,5230.0,30675.0,0.59904
139,2016-05-19,5080.0,34151.0,0.68633
140,2016-05-20,5000.0,59449.0,0.59049
141,2016-05-21,5000.0,59449.0,0.24816999999999997
142,2016-05-22,5000.0,59449.0,0.20881
143,2016-05-23,4970.0,15052.0,0.73597
144,2016-05-24,5080.0,36694.0,0.66922
145,2016-05-25,5020.0,17189.0,0.64012
146,2016-05-26,5240.0,66495.0,0.68462
147,2016-05-27,5570.0,148949.0,1.10909
148,2016-05-28,5570.0,148949.0,0.3115
149,2016-05-29,5570.0,148949.0,0.30294
150,2016-05-30,5640.0,168196.0,1.00811
151,2016-05-31,5640.0,62443.0,0.87803
152,2016-06-01,5800.0,424628.0,1.22548
153,2016-06-02,5790.0,89824.0,1.03207
154,2016-06-03,5750.0,58880.0,0.8386600000000001
155,2016-06-04,5750.0,58880.0,0.24816999999999997
156,2016-06-05,5750.0,58880.0,0.21394000000000002
157,2016-06-06,5750.0,58880.0,0.26186
158,2016-06-07,5520.0,92167.0,0.87974
159,2016-06-08,5370.0,76331.0,0.7856
160,2016-06-09,5520.0,43806.0,0.81299
161,2016-06-10,5580.0,61098.0,0.7017399999999999
162,2016-06-11,5580.0,61098.0,0.267
163,2016-06-12,5580.0,61098.0,0.30808
164,2016-06-13,5590.0,31939.0,0.72741
165,2016-06-14,5580.0,22861.0,0.6572399999999999
166,2016-06-15,5520.0,36805.0,0.63327
167,2016-06-16,5670.0,52606.0,0.68976
168,2016-06-17,5650.0,47451.0,0.80785
169,2016-06-18,5650.0,47451.0,0.29096
170,2016-06-19,5650.0,47451.0,0.26871
171,2016-06-20,5710.0,30864.0,0.70003
172,2016-06-21,5830.0,116736.0,0.97559
173,2016-06-22,6190.0,270742.0,1.29565
174,2016-06-23,6230.0,235762.0,1.33844
175,2016-06-24,5780.0,225707.0,1.3589799999999999
176,2016-06-25,5780.0,225707.0,0.30294
177,2016-06-26,5780.0,225707.0,0.30979
178,2016-06-27,5800.0,65604.0,1.03549
179,2016-06-28,5800.0,44832.0,0.80443
180,2016-06-29,5920.0,25333.0,0.95676
181,2016-06-30,6190.0,197158.0,1.43086
182,2016-07-01,6500.0,318252.0,1.56266
183,2016-07-02,6500.0,318252.0,0.40564
184,2016-07-03,6500.0,318252.0,0.32861999999999997
185,2016-07-04,6750.0,333149.0,1.81768
186,2016-07-05,6590.0,151838.0,1.50275
187,2016-07-06,6450.0,94679.0,1.0663
188,2016-07-07,6610.0,109731.0,1.31961
189,2016-07-08,6500.0,118776.0,0.95676
190,2016-07-09,6500.0,118776.0,0.28412
191,2016-07-10,6500.0,118776.0,0.21908000000000002
192,2016-07-11,6440.0,249386.0,1.37781
193,2016-07-12,6510.0,144382.0,1.4651
194,2016-07-13,7100.0,1649936.0,3.59942
195,2016-07-14,6720.0,400018.0,2.55365
196,2016-07-15,6480.0,238577.0,1.52671
197,2016-07-16,6480.0,238577.0,0.38852
198,2016-07-17,6480.0,238577.0,0.27726999999999996
199,2016-07-18,6360.0,116347.0,1.39835
200,2016-07-19,6020.0,288888.0,1.46681
201,2016-07-20,6050.0,125115.0,1.2135
202,2016-07-21,6130.0,47021.0,1.04063
203,2016-07-22,5990.0,100362.0,0.9379299999999999
204,2016-07-23,5990.0,100362.0,0.23448000000000002
205,2016-07-24,5990.0,100362.0,0.27042
206,2016-07-25,5870.0,62662.0,0.87974
207,2016-07-26,5870.0,34103.0,0.8900100000000001
208,2016-07-27,5830.0,43408.0,0.80101
209,2016-07-28,5900.0,31117.0,0.9328
210,2016-07-29,5860.0,27575.0,0.7548
211,2016-07-30,5860.0,27575.0,0.31492
212,2016-07-31,5860.0,27575.0,0.27213000000000004
213,2016-08-01,5770.0,49536.0,0.82668
214,2016-08-02,5710.0,56809.0,0.76335
215,2016-08-03,5730.0,25238.0,0.74966
216,2016-08-04,5840.0,46573.0,0.78218
217,2016-08-05,5850.0,38569.0,0.66922
218,2016-08-06,5850.0,38569.0,0.28754
219,2016-08-07,5850.0,38569.0,0.2516
220,2016-08-08,5830.0,28616.0,0.77705
221,2016-08-09,5780.0,39382.0,0.73255
222,2016-08-10,5680.0,41774.0,0.70858
223,2016-08-11,5720.0,48488.0,0.81812
224,2016-08-12,5810.0,20179.0,0.81128
225,2016-08-13,5810.0,20179.0,0.22763000000000003
226,2016-08-14,5810.0,20179.0,0.1934
227,2016-08-15,5810.0,20179.0,0.25501999999999997
228,2016-08-16,5730.0,51612.0,0.76335
229,2016-08-17,5790.0,41319.0,0.75993
230,2016-08-18,6130.0,336611.0,1.42402
231,2016-08-19,6050.0,81293.0,1.02694
232,2016-08-20,6050.0,81293.0,0.26358000000000004
233,2016-08-21,6050.0,81293.0,0.27898
234,2016-08-22,5850.0,68648.0,0.80614
235,2016-08-23,6020.0,39847.0,0.8985700000000001
236,2016-08-24,5930.0,29514.0,0.70516
237,2016-08-25,5710.0,62703.0,0.7205600000000001
238,2016-08-26,5700.0,24357.0,0.7205600000000001
239,2016-08-27,5700.0,24357.0,0.20025
240,2016-08-28,5700.0,24357.0,0.2824
241,2016-08-29,5520.0,72518.0,0.75308
242,2016-08-30,5550.0,17863.0,0.70687
243,2016-08-31,5560.0,27513.0,0.6281399999999999
244,2016-09-01,5550.0,18527.0,0.7017399999999999
245,2016-09-02,5910.0,184033.0,1.10909
246,2016-09-03,5910.0,184033.0,0.28583000000000003
247,2016-09-04,5910.0,184033.0,0.2961
248,2016-09-05,5890.0,31495.0,0.75651
249,2016-09-06,5860.0,21260.0,0.75308
250,2016-09-07,5810.0,24336.0,0.68804
251,2016-09-08,5620.0,56005.0,0.68804
252,2016-09-09,5610.0,25328.0,0.70345
253,2016-09-10,5610.0,25328.0,0.28069
254,2016-09-11,5610.0,25328.0,0.25673
255,2016-09-12,5540.0,34416.0,0.6058899999999999
256,2016-09-13,5650.0,28567.0,0.66922
257,2016-09-14,5650.0,28567.0,0.25501999999999997
258,2016-09-15,5650.0,28567.0,0.2516
259,2016-09-16,5650.0,28567.0,0.21223000000000003
260,2016-09-17,5650.0,28567.0,0.38852
261,2016-09-18,5650.0,28567.0,0.2516
262,2016-09-19,5850.0,43154.0,0.75308
263,2016-09-20,6160.0,158920.0,1.17413
264,2016-09-21,6650.0,389078.0,1.78174
265,2016-09-22,7030.0,599825.0,2.22845
266,2016-09-23,7210.0,237845.0,1.87074
267,2016-09-24,7210.0,237845.0,0.52887
268,2016-09-25,7210.0,237845.0,0.41762
269,2016-09-26,8250.0,2713195.0,5.220269999999999
270,2016-09-27,7900.0,748936.0,3.4436699999999996
271,2016-09-28,7600.0,363615.0,2.47834
272,2016-09-29,7520.0,292630.0,1.98541
273,2016-09-30,7500.0,112429.0,1.58833
274,2016-10-01,7500.0,112429.0,0.39537
275,2016-10-02,7500.0,112429.0,0.37312
276,2016-10-03,7500.0,112429.0,0.46896000000000004
277,2016-10-04,8100.0,403276.0,2.1908
278,2016-10-05,8470.0,734273.0,2.60842
279,2016-10-06,8010.0,423315.0,2.06243
280,2016-10-07,8100.0,341455.0,2.00082
281,2016-10-08,8100.0,341455.0,0.43987
282,2016-10-09,8100.0,341455.0,0.42446000000000006
283,2016-10-10,7630.0,297066.0,1.90497
284,2016-10-11,7320.0,250293.0,1.72012
285,2016-10-12,6730.0,493092.0,2.19251
286,2016-10-13,6800.0,116446.0,1.5866200000000001
287,2016-10-14,6760.0,56680.0,1.29736
288,2016-10-15,6760.0,56680.0,0.39023
289,2016-10-16,6760.0,56680.0,0.34573000000000004
290,2016-10-17,6910.0,41120.0,1.33844
291,2016-10-18,6700.0,58080.0,1.23403
292,2016-10-19,6700.0,32800.0,1.20665
293,2016-10-20,6440.0,58685.0,1.23746
294,2016-10-21,6420.0,55621.0,1.12963
295,2016-10-22,6420.0,55621.0,0.31492
296,2016-10-23,6420.0,55621.0,0.30123
297,2016-10-24,6450.0,54266.0,1.0474700000000001
298,2016-10-25,6380.0,111329.0,1.04919
299,2016-10-26,6450.0,78932.0,1.16215
300,2016-10-27,6490.0,32991.0,1.05945
301,2016-10-28,6320.0,48787.0,0.7856
302,2016-10-29,6320.0,48787.0,0.27213000000000004
303,2016-10-30,6320.0,48787.0,0.27385
304,2016-10-31,6020.0,38635.0,0.82155
305,2016-11-01,6000.0,48396.0,0.9208200000000001
306,2016-11-02,5710.0,91496.0,0.93622
307,2016-11-03,5640.0,46594.0,0.9601799999999999
308,2016-11-04,6140.0,78407.0,1.16044
309,2016-11-05,6140.0,78407.0,0.40735
310,2016-11-06,6140.0,78407.0,0.25673
311,2016-11-07,6170.0,34494.0,0.9379299999999999
312,2016-11-08,6170.0,42575.0,0.94991
313,2016-11-09,6170.0,114142.0,1.2443
314,2016-11-10,6180.0,84169.0,1.15873
315,2016-11-11,6000.0,42519.0,0.93109
316,2016-11-12,6000.0,42519.0,0.30294
317,2016-11-13,6000.0,42519.0,0.26015
318,2016-11-14,6070.0,32158.0,0.9944200000000001
319,2016-11-15,6000.0,48405.0,0.95676
320,2016-11-16,6190.0,100661.0,1.30592
321,2016-11-17,6750.0,2386102.0,5.66015
322,2016-11-18,6950.0,322910.0,2.0042400000000002
323,2016-11-19,6950.0,322910.0,0.5545399999999999
324,2016-11-20,6950.0,322910.0,0.58022
325,2016-11-21,6830.0,180593.0,1.62427
326,2016-11-22,6840.0,172700.0,1.40519
327,2016-11-23,6450.0,144002.0,1.24773
328,2016-11-24,6440.0,71414.0,1.09369
329,2016-11-25,6530.0,38763.0,0.91055
330,2016-11-26,6530.0,38763.0,0.35258
331,2016-11-27,6530.0,38763.0,0.31835
332,2016-11-28,6510.0,53397.0,0.87118
333,2016-11-29,6650.0,57308.0,0.93965
334,2016-11-30,6920.0,128199.0,1.09369
335,2016-12-01,7090.0,165701.0,1.2186299999999999
336,2016-12-02,7180.0,99417.0,1.13648
337,2016-12-03,7180.0,99417.0,0.37995999999999996
338,2016-12-04,7180.0,99417.0,0.35429
339,2016-12-05,7150.0,159247.0,1.29736
340,2016-12-06,7030.0,71847.0,0.97216
341,2016-12-07,6880.0,116580.0,0.99955
342,2016-12-08,6830.0,46144.0,0.96703
343,2016-12-09,6850.0,73720.0,0.87803
344,2016-12-10,6850.0,73720.0,0.267
345,2016-12-11,6850.0,73720.0,0.31321
346,2016-12-12,7110.0,101586.0,1.0988200000000001
347,2016-12-13,7160.0,69868.0,1.11765
348,2016-12-14,7160.0,45066.0,0.8917200000000001
349,2016-12-15,7160.0,39020.0,0.97901
350,2016-12-16,7130.0,22129.0,0.82668
351,2016-12-17,7130.0,22129.0,0.24645999999999998
352,2016-12-18,7130.0,22129.0,0.23276999999999998
353,2016-12-19,7100.0,48943.0,0.8335299999999999
354,2016-12-20,7050.0,61321.0,0.85064
355,2016-12-21,7310.0,102439.0,0.99784
356,2016-12-22,7280.0,38848.0,0.7941600000000001
357,2016-12-23,7350.0,53750.0,0.76849
358,2016-12-24,7350.0,53750.0,0.20367000000000002
359,2016-12-25,7350.0,53750.0,0.22421
360,2016-12-26,7200.0,91457.0,0.88145
361,2016-12-27,6710.0,304418.0,1.3521299999999998
362,2016-12-28,6830.0,50957.0,0.9122600000000001
363,2016-12-29,6760.0,33377.0,0.7205600000000001
364,2016-12-30,6760.0,33377.0,0.41933000000000004
365,2016-12-31,6760.0,33377.0,0.21908000000000002
366,2017-01-01,6760.0,33377.0,0.19510999999999998
367,2017-01-02,6760.0,46153.0,0.72228
368,2017-01-03,6900.0,26115.0,0.86262
369,2017-01-04,6740.0,82293.0,0.8249700000000001
370,2017-01-05,6640.0,52458.0,0.72741
371,2017-01-06,6450.0,68210.0,0.8164100000000001
372,2017-01-07,6450.0,68210.0,0.24816999999999997
373,2017-01-08,6450.0,68210.0,0.19854000000000002
374,2017-01-09,6630.0,27731.0,0.79074
375,2017-01-10,6590.0,25489.0,0.62985
376,2017-01-11,6650.0,23363.0,0.68291
377,2017-01-12,6570.0,28954.0,0.70516
378,2017-01-13,6650.0,27396.0,0.56481
379,2017-01-14,6650.0,27396.0,0.23276999999999998
380,2017-01-15,6650.0,27396.0,0.2225
381,2017-01-16,6530.0,39304.0,0.84551
382,2017-01-17,6140.0,80207.0,0.95505
383,2017-01-18,6390.0,44264.0,0.82326
384,2017-01-19,6360.0,33144.0,0.74624
385,2017-01-20,6370.0,18833.0,0.5956199999999999
386,2017-01-21,6370.0,18833.0,0.21223000000000003
387,2017-01-22,6370.0,18833.0,0.23619
388,2017-01-23,6240.0,24709.0,0.61616
389,2017-01-24,6290.0,34394.0,0.61958
390,2017-01-25,6080.0,20117.0,0.61102
391,2017-01-26,6160.0,22150.0,0.52373
392,2017-01-27,6160.0,22150.0,0.21565
393,2017-01-28,6160.0,22150.0,0.27042
394,2017-01-29,6160.0,22150.0,0.19854000000000002
395,2017-01-30,6160.0,22150.0,0.22591999999999998
396,2017-01-31,6170.0,15245.0,0.5271600000000001
397,2017-02-01,6290.0,10426.0,0.56481
398,2017-02-02,6030.0,34562.0,0.67606
399,2017-02-03,6010.0,28850.0,0.56481
400,2017-02-04,6010.0,28850.0,0.20367000000000002
401,2017-02-05,6010.0,28850.0,0.16259
402,2017-02-06,5990.0,27619.0,0.7239899999999999
403,2017-02-07,5790.0,47929.0,0.72228
404,2017-02-08,6070.0,47162.0,0.86605
405,2017-02-09,6190.0,48122.0,0.73255
406,2017-02-10,6200.0,34424.0,0.61616
407,2017-02-11,6200.0,34424.0,0.17800000000000002
408,2017-02-12,6200.0,34424.0,0.18656
409,2017-02-13,6540.0,66700.0,0.78732
410,2017-02-14,6510.0,30930.0,0.75993
411,2017-02-15,6390.0,28562.0,0.66237
412,2017-02-16,6520.0,13248.0,0.6469699999999999
413,2017-02-17,6470.0,41860.0,0.6794899999999999
414,2017-02-18,6470.0,41860.0,0.1934
415,2017-02-19,6470.0,41860.0,0.24133000000000002
416,2017-02-20,6460.0,25492.0,0.65895
417,2017-02-21,6460.0,17523.0,0.61102
418,2017-02-22,6360.0,19979.0,0.6521
419,2017-02-23,6220.0,12124.0,0.5785
420,2017-02-24,6220.0,20312.0,0.5631
421,2017-02-25,6220.0,20312.0,0.18484
422,2017-02-26,6220.0,20312.0,0.13521
423,2017-02-27,6220.0,17224.0,0.55625
424,2017-02-28,6270.0,24896.0,0.54427
425,2017-03-01,6270.0,24896.0,0.20367000000000002
426,2017-03-02,6150.0,32192.0,0.54598
427,2017-03-03,6160.0,24972.0,0.4895
428,2017-03-04,6160.0,24972.0,0.1489
429,2017-03-05,6160.0,24972.0,0.16430999999999998
430,2017-03-06,6160.0,24105.0,0.5819300000000001
431,2017-03-07,6120.0,7210.0,0.59049
432,2017-03-08,6110.0,20169.0,0.56481
433,2017-03-09,6100.0,22092.0,0.48608
434,2017-03-10,6140.0,33550.0,0.48608
435,2017-03-11,6140.0,33550.0,0.18484
436,2017-03-12,6140.0,33550.0,0.17970999999999998
437,2017-03-13,6110.0,24835.0,0.59904
438,2017-03-14,6350.0,49222.0,0.69489
439,2017-03-15,6530.0,76233.0,0.8609100000000001
440,2017-03-16,6560.0,144840.0,1.03892
441,2017-03-17,6750.0,45310.0,0.8403700000000001
442,2017-03-18,6750.0,45310.0,0.25844
443,2017-03-19,6750.0,45310.0,0.25501999999999997
444,2017-03-20,6700.0,53541.0,0.7702
445,2017-03-21,6700.0,23760.0,0.72228
446,2017-03-22,6680.0,36471.0,0.6469699999999999
447,2017-03-23,6720.0,48026.0,0.64183
448,2017-03-24,6840.0,51615.0,0.7205600000000001
449,2017-03-25,6840.0,51615.0,0.20709
450,2017-03-26,6840.0,51615.0,0.22421
451,2017-03-27,6800.0,35501.0,0.67264
452,2017-03-28,7020.0,92658.0,0.89686
453,2017-03-29,7050.0,36028.0,0.71714
454,2017-03-30,7010.0,44906.0,0.73083
455,2017-03-31,6820.0,47746.0,0.73426
456,2017-04-01,6820.0,47746.0,0.23448000000000002
457,2017-04-02,6820.0,47746.0,0.19169
458,2017-04-03,6760.0,46923.0,0.6230100000000001
459,2017-04-04,6680.0,29235.0,0.56481
460,2017-04-05,6670.0,27610.0,0.5836399999999999
461,2017-04-06,6680.0,53187.0,0.62643
462,2017-04-07,6730.0,38868.0,0.5545399999999999
463,2017-04-08,6730.0,38868.0,0.24475
464,2017-04-09,6730.0,38868.0,0.21223000000000003
465,2017-04-10,6730.0,43657.0,0.6349899999999999
466,2017-04-11,6650.0,66715.0,0.69489
467,2017-04-12,6550.0,21819.0,0.5596800000000001
468,2017-04-13,6480.0,35027.0,0.58877
469,2017-04-14,6460.0,13984.0,0.56481
470,2017-04-15,6460.0,13984.0,0.21394000000000002
471,2017-04-16,6460.0,13984.0,0.13007
472,2017-04-17,6500.0,34860.0,0.59049
473,2017-04-18,6510.0,17720.0,0.65895
474,2017-04-19,6480.0,14383.0,0.5716600000000001
475,2017-04-20,6370.0,29879.0,0.5545399999999999
476,2017-04-21,6350.0,35073.0,0.4741
477,2017-04-22,6350.0,35073.0,0.18656
478,2017-04-23,6350.0,35073.0,0.15575
479,2017-04-24,6210.0,43165.0,0.5322899999999999
480,2017-04-25,6230.0,23758.0,0.54598
481,2017-04-26,6380.0,43027.0,0.61274
482,2017-04-27,6480.0,24098.0,0.59049
483,2017-04-28,6450.0,28358.0,0.52887
484,2017-04-29,6450.0,28358.0,0.15232
485,2017-04-30,6450.0,28358.0,0.15746
486,2017-05-01,6450.0,28358.0,0.25673
487,2017-05-02,6440.0,31131.0,0.6367
488,2017-05-03,6440.0,31131.0,0.2225
489,2017-05-04,6330.0,33446.0,0.5511199999999999
490,2017-05-05,6330.0,33446.0,0.16773
491,2017-05-06,6330.0,33446.0,0.17629
492,2017-05-07,6330.0,33446.0,0.17629
493,2017-05-08,6310.0,50449.0,0.66751
494,2017-05-09,6310.0,50449.0,0.20709
495,2017-05-10,6260.0,37041.0,0.61445
496,2017-05-11,7410.0,2021596.0,3.8749800000000003
497,2017-05-12,7100.0,406223.0,2.20792
498,2017-05-13,7100.0,406223.0,0.44843
499,2017-05-14,7100.0,406223.0,0.39194
500,2017-05-15,7150.0,277500.0,1.27511
501,2017-05-16,7150.0,113570.0,0.9619
502,2017-05-17,7290.0,254129.0,1.45312
503,2017-05-18,7340.0,99232.0,0.99613
504,2017-05-19,7390.0,113563.0,0.89686
505,2017-05-20,7390.0,113563.0,0.3269
506,2017-05-21,7390.0,113563.0,0.31492
507,2017-05-22,7080.0,195983.0,1.01495
508,2017-05-23,7240.0,110430.0,0.8472200000000001
509,2017-05-24,7280.0,71193.0,0.77705
510,2017-05-25,7400.0,98916.0,0.8472200000000001
511,2017-05-26,7500.0,104217.0,0.78389
512,2017-05-27,7500.0,104217.0,0.21394000000000002
513,2017-05-28,7500.0,104217.0,0.21394000000000002
514,2017-05-29,7750.0,1290913.0,1.80912
515,2017-05-30,8070.0,192632.0,1.4017700000000002
516,2017-05-31,7900.0,144538.0,1.22548
517,2017-06-01,7960.0,66291.0,0.92253
518,2017-06-02,8550.0,604606.0,1.4017700000000002
519,2017-06-03,8550.0,604606.0,0.40735
520,2017-06-04,8550.0,604606.0,0.33889
521,2017-06-05,8390.0,174509.0,0.9601799999999999
522,2017-06-06,8390.0,174509.0,0.30294
523,2017-06-07,8540.0,145145.0,1.0218
524,2017-06-08,8440.0,119085.0,0.9328
525,2017-06-09,8150.0,132332.0,0.85064
526,2017-06-10,8150.0,132332.0,0.21565
527,2017-06-11,8150.0,132332.0,0.17457
528,2017-06-12,8000.0,152522.0,0.80785
529,2017-06-13,7950.0,96670.0,0.7856
530,2017-06-14,7950.0,60874.0,0.7205600000000001
531,2017-06-15,7770.0,158326.0,0.73255
532,2017-06-16,7620.0,111324.0,0.68291
533,2017-06-17,7620.0,111324.0,0.17629
534,2017-06-18,7620.0,111324.0,0.13521
535,2017-06-19,7970.0,110038.0,0.7239899999999999
536,2017-06-20,8900.0,732449.0,1.7851599999999999
537,2017-06-21,9070.0,306994.0,1.43429
538,2017-06-22,9260.0,244396.0,1.38294
539,2017-06-23,10250.0,760933.0,2.16855
540,2017-06-24,10250.0,760933.0,0.66237
541,2017-06-25,10250.0,760933.0,0.5836399999999999
542,2017-06-26,10550.0,317549.0,2.2216099999999996
543,2017-06-27,10800.0,182938.0,1.7868700000000002
544,2017-06-28,9680.0,3362479.0,6.58268
545,2017-06-29,10600.0,1374359.0,4.51169
546,2017-06-30,10950.0,1152740.0,3.23143
547,2017-07-01,10950.0,1152740.0,0.56652
548,2017-07-02,10950.0,1152740.0,0.53914
549,2017-07-03,11850.0,1047459.0,3.6507699999999996
550,2017-07-04,11300.0,1060375.0,3.49159
551,2017-07-05,11700.0,348812.0,2.5947299999999998
552,2017-07-06,11800.0,427394.0,2.75904
553,2017-07-07,12200.0,420871.0,3.22288
554,2017-07-08,12200.0,420871.0,0.9653200000000001
555,2017-07-09,12200.0,420871.0,0.73083
556,2017-07-10,13150.0,4135203.0,9.80898
557,2017-07-11,14500.0,1350616.0,6.596369999999999
558,2017-07-12,15850.0,1253034.0,6.938689999999999
559,2017-07-13,16950.0,1680327.0,9.53513
560,2017-07-14,17550.0,725526.0,7.209110000000001
561,2017-07-15,17550.0,725526.0,1.3897899999999999
562,2017-07-16,17550.0,725526.0,1.15188
563,2017-07-17,17450.0,454183.0,5.33666
564,2017-07-18,16900.0,651142.0,4.94471
565,2017-07-19,18500.0,632639.0,5.25964
566,2017-07-20,18150.0,381432.0,5.0782099999999994
567,2017-07-21,18650.0,312880.0,4.50826
568,2017-07-22,18650.0,312880.0,1.18953
569,2017-07-23,18650.0,312880.0,0.9773
570,2017-07-24,19100.0,580430.0,4.676
571,2017-07-25,18150.0,366134.0,3.88867
572,2017-07-26,18750.0,587446.0,4.02389
573,2017-07-27,18650.0,310129.0,3.2006200000000002
574,2017-07-28,19150.0,651585.0,4.237830000000001
575,2017-07-29,19150.0,651585.0,0.9858600000000001
576,2017-07-30,19150.0,651585.0,0.8472200000000001
577,2017-07-31,18050.0,352464.0,3.5857300000000003
578,2017-08-01,18100.0,476933.0,3.13901
579,2017-08-02,18300.0,435374.0,3.51384
580,2017-08-03,18650.0,390360.0,3.5583400000000003
581,2017-08-04,18250.0,301430.0,3.21945
582,2017-08-05,18250.0,301430.0,0.80614
583,2017-08-06,18250.0,301430.0,0.72912
584,2017-08-07,17750.0,412427.0,3.90921
585,2017-08-08,17300.0,199716.0,3.4162800000000004
586,2017-08-09,17450.0,292667.0,3.59942
587,2017-08-10,12350.0,2947467.0,16.01855
588,2017-08-11,11750.0,2557890.0,11.85088
589,2017-08-12,11750.0,2557890.0,1.7475
590,2017-08-13,11750.0,2557890.0,1.43258
591,2017-08-14,10500.0,918906.0,7.58224
592,2017-08-15,10500.0,918906.0,2.34998
593,2017-08-16,12300.0,2514237.0,11.61811
594,2017-08-17,12950.0,1719531.0,10.38921
595,2017-08-18,12550.0,1006736.0,8.4209
596,2017-08-19,12550.0,1006736.0,1.56608
597,2017-08-20,12550.0,1006736.0,1.2699799999999999
598,2017-08-21,11850.0,637246.0,7.4881
599,2017-08-22,11650.0,581269.0,6.690510000000001
600,2017-08-23,12850.0,1041626.0,7.03967
601,2017-08-24,13250.0,509323.0,6.2455
602,2017-08-25,13950.0,973624.0,7.618180000000001
603,2017-08-26,13950.0,973624.0,1.35384
604,2017-08-27,13950.0,973624.0,1.1108
605,2017-08-28,13800.0,405335.0,6.01786
606,2017-08-29,13750.0,418484.0,5.4581800000000005
607,2017-08-30,14400.0,641924.0,6.4081
608,2017-08-31,14400.0,534240.0,5.798780000000001
609,2017-09-01,14100.0,350901.0,5.0029
610,2017-09-02,14100.0,350901.0,1.19638
611,2017-09-03,14100.0,350901.0,1.1022399999999999
612,2017-09-04,12650.0,615428.0,5.70978
613,2017-09-05,13000.0,491160.0,4.95669
614,2017-09-06,13100.0,327016.0,5.14154
615,2017-09-07,12500.0,262017.0,4.4398
616,2017-09-08,13050.0,489709.0,5.47872
617,2017-09-09,13050.0,489709.0,1.30934
618,2017-09-10,13050.0,489709.0,1.0611700000000002
619,2017-09-11,14000.0,940539.0,9.716560000000001
620,2017-09-12,14850.0,2571759.0,18.94875
621,2017-09-13,14850.0,2689293.0,21.28333
622,2017-09-14,14500.0,1408898.0,14.7982
623,2017-09-15,14350.0,1059385.0,9.68575
624,2017-09-16,14350.0,1059385.0,1.7457900000000002
625,2017-09-17,14350.0,1059385.0,1.50789
626,2017-09-18,14350.0,669262.0,10.433710000000001
627,2017-09-19,13550.0,867216.0,10.52442
628,2017-09-20,12500.0,1083606.0,11.987810000000001
629,2017-09-21,12200.0,561957.0,7.6952
630,2017-09-22,12850.0,2125278.0,15.21069
631,2017-09-23,12850.0,2125278.0,2.0128
632,2017-09-24,12850.0,2125278.0,1.48563
633,2017-09-25,12600.0,1827403.0,18.44042
634,2017-09-26,12250.0,663890.0,8.91897
635,2017-09-27,12650.0,581296.0,8.38838
636,2017-09-28,12400.0,881575.0,7.06192
637,2017-09-29,12100.0,289833.0,5.3726
638,2017-09-30,12100.0,289833.0,1.00811
639,2017-10-01,12100.0,289833.0,0.8900100000000001
640,2017-10-02,12100.0,289833.0,0.9773
641,2017-10-03,12100.0,289833.0,0.5733699999999999
642,2017-10-04,12100.0,289833.0,0.68291
643,2017-10-05,12100.0,289833.0,0.66237
644,2017-10-06,12100.0,289833.0,0.63156
645,2017-10-07,12100.0,289833.0,0.68976
646,2017-10-08,12100.0,289833.0,0.6367
647,2017-10-09,12100.0,289833.0,0.9413600000000001
648,2017-10-10,12150.0,261153.0,5.11073
649,2017-10-11,12750.0,369201.0,5.56088
650,2017-10-12,12550.0,259181.0,5.82788
651,2017-10-13,12100.0,292551.0,5.44107
652,2017-10-14,12100.0,292551.0,0.97901
653,2017-10-15,12100.0,292551.0,0.8540700000000001
654,2017-10-16,11000.0,588143.0,6.746989999999999
655,2017-10-17,11500.0,391839.0,5.95625
656,2017-10-18,10800.0,382479.0,5.36918
657,2017-10-19,10700.0,299431.0,4.82319
658,2017-10-20,10750.0,179851.0,4.10091
659,2017-10-21,10750.0,179851.0,0.76164
660,2017-10-22,10750.0,179851.0,0.6555300000000001
661,2017-10-23,10950.0,203254.0,4.28576
662,2017-10-24,10950.0,202065.0,3.7329199999999996
663,2017-10-25,11000.0,139134.0,3.3889
664,2017-10-26,10700.0,146955.0,3.2143200000000003
665,2017-10-27,10500.0,274219.0,3.27765
666,2017-10-28,10500.0,274219.0,0.75993
667,2017-10-29,10500.0,274219.0,0.64354
668,2017-10-30,11500.0,925256.0,9.14147
669,2017-10-31,11100.0,693498.0,7.123539999999999
670,2017-11-01,13350.0,7211265.0,27.754759999999997
671,2017-11-02,13700.0,4964038.0,31.61092
672,2017-11-03,12700.0,6468365.0,27.0205
673,2017-11-04,12700.0,6468365.0,4.2327
674,2017-11-05,12700.0,6468365.0,3.6507699999999996
675,2017-11-06,12050.0,1374764.0,14.89918
676,2017-11-07,11800.0,926437.0,10.89412
677,2017-11-08,11350.0,830497.0,8.783760000000001
678,2017-11-09,11400.0,555934.0,7.91599
679,2017-11-10,11600.0,640303.0,6.84969
680,2017-11-11,11600.0,640303.0,1.49248
681,2017-11-12,11600.0,640303.0,1.4805
682,2017-11-13,12300.0,1198190.0,11.35624
683,2017-11-14,11950.0,887743.0,9.99726
684,2017-11-15,12500.0,3414250.0,21.57258
685,2017-11-16,7410.0,6608477.0,24.63286
686,2017-11-17,6830.0,2195290.0,13.387870000000001
687,2017-11-18,6830.0,2195290.0,2.3345700000000003
688,2017-11-19,6830.0,2195290.0,2.0367599999999997
689,2017-11-20,6640.0,954814.0,9.27326
690,2017-11-21,6840.0,1564507.0,9.90997
691,2017-11-22,6720.0,737683.0,7.27244
692,2017-11-23,6840.0,789301.0,6.663119999999999
693,2017-11-24,6810.0,473143.0,6.37045
694,2017-11-25,6810.0,473143.0,1.16215
695,2017-11-26,6810.0,473143.0,1.10396
696,2017-11-27,6630.0,456431.0,5.4907
697,2017-11-28,6430.0,449827.0,4.924169999999999
698,2017-11-29,6230.0,729312.0,5.0029
699,2017-11-30,6140.0,330909.0,4.45863
700,2017-12-01,6100.0,321504.0,4.073519999999999
701,2017-12-02,6100.0,321504.0,0.87803
702,2017-12-03,6100.0,321504.0,0.8438
703,2017-12-04,5790.0,741619.0,5.227119999999999
704,2017-12-05,6270.0,3436394.0,13.483720000000002
705,2017-12-06,6140.0,3658685.0,17.82425
706,2017-12-07,5650.0,2336746.0,11.29805
707,2017-12-08,5250.0,1363141.0,8.79916
708,2017-12-09,5250.0,1363141.0,1.4959
709,2017-12-10,5250.0,1363141.0,1.36925
710,2017-12-11,5340.0,1014874.0,6.887339999999999
711,2017-12-12,5280.0,914206.0,6.02471
712,2017-12-13,5400.0,949172.0,5.7611300000000005
713,2017-12-14,5350.0,1039363.0,5.523219999999999
714,2017-12-15,5250.0,723043.0,4.739319999999999
715,2017-12-16,5250.0,723043.0,1.00126
716,2017-12-17,5250.0,723043.0,0.9927
717,2017-12-18,5030.0,863075.0,4.84031
718,2017-12-19,4850.0,908251.0,4.95156
719,2017-12-20,4750.0,854898.0,4.79409
720,2017-12-21,4535.0,915245.0,4.89679
721,2017-12-22,4880.0,1178735.0,5.06794
722,2017-12-23,4880.0,1178735.0,1.08513
723,2017-12-24,4880.0,1178735.0,0.79074
724,2017-12-25,4880.0,1178735.0,0.9139700000000001
725,2017-12-26,4690.0,633080.0,4.732480000000001
726,2017-12-27,4805.0,436066.0,4.1882
727,2017-12-28,4855.0,364342.0,4.16424
728,2017-12-29,4855.0,364342.0,1.63625
729,2017-12-30,4855.0,364342.0,0.6247199999999999
730,2017-12-31,4855.0,364342.0,0.50662
731,2018-01-01,4855.0,364342.0,0.6812
732,2018-01-02,4960.0,484573.0,4.44151
733,2018-01-03,5060.0,761281.0,5.29558
734,2018-01-04,4890.0,589010.0,4.251530000000001
735,2018-01-05,5060.0,688692.0,4.36791
736,2018-01-06,5060.0,688692.0,0.88145
737,2018-01-07,5060.0,688692.0,0.81128
738,2018-01-08,4995.0,555236.0,4.22928
739,2018-01-09,4980.0,747617.0,4.29603
740,2018-01-10,4985.0,623331.0,4.21558
741,2018-01-11,5160.0,736389.0,4.72905
742,2018-01-12,4945.0,749339.0,4.23612
743,2018-01-13,4945.0,749339.0,0.8386600000000001
744,2018-01-14,4945.0,749339.0,0.62985
745,2018-01-15,4775.0,670071.0,4.12829
746,2018-01-16,4845.0,449971.0,4.03073
747,2018-01-17,4765.0,451483.0,3.7705800000000003
748,2018-01-18,4960.0,617208.0,4.0547
749,2018-01-19,4890.0,360770.0,3.60455
750,2018-01-20,4890.0,360770.0,0.74453
751,2018-01-21,4890.0,360770.0,0.66408
752,2018-01-22,5230.0,4815101.0,7.6507
753,2018-01-23,5440.0,2361471.0,7.01571
754,2018-01-24,5970.0,6702742.0,13.94755
755,2018-01-25,6120.0,3113086.0,12.39003
756,2018-01-26,6100.0,1843985.0,9.103819999999999
757,2018-01-27,6100.0,1843985.0,2.05901
758,2018-01-28,6100.0,1843985.0,1.8228099999999998
759,2018-01-29,6650.0,15741051.0,24.71673
760,2018-01-30,6780.0,7976769.0,17.93208
761,2018-01-31,6410.0,2812272.0,13.7473
762,2018-02-01,6120.0,3955430.0,13.571010000000001
763,2018-02-02,6150.0,3252881.0,10.84448
764,2018-02-03,6150.0,3252881.0,2.08297
765,2018-02-04,6150.0,3252881.0,2.01622
766,2018-02-05,5570.0,1785121.0,9.47523
767,2018-02-06,5280.0,2388770.0,9.24417
768,2018-02-07,5000.0,1443040.0,8.55269
769,2018-02-08,5150.0,746167.0,7.659260000000001
770,2018-02-09,5050.0,504763.0,6.00246
771,2018-02-10,5050.0,504763.0,1.16215
772,2018-02-11,5050.0,504763.0,1.1844
773,2018-02-12,4985.0,626973.0,5.892919999999999
774,2018-02-13,4970.0,490336.0,5.7132
775,2018-02-14,5040.0,564283.0,5.25622
776,2018-02-15,5040.0,564283.0,1.21007
777,2018-02-16,5040.0,564283.0,0.97388
778,2018-02-17,5040.0,564283.0,0.90541
779,2018-02-18,5040.0,564283.0,1.00126
780,2018-02-19,5370.0,2030406.0,8.31136
781,2018-02-20,5150.0,1031904.0,6.740139999999999
782,2018-02-21,5270.0,548877.0,6.21812
783,2018-02-22,5260.0,749782.0,6.46287
784,2018-02-23,5220.0,458966.0,5.25279
785,2018-02-24,5220.0,458966.0,0.94478
786,2018-02-25,5220.0,458966.0,0.83524
787,2018-02-26,5210.0,657694.0,5.3572
788,2018-02-27,5150.0,575278.0,4.73761
789,2018-02-28,5000.0,435523.0,4.3080099999999995
790,2018-03-01,5000.0,435523.0,0.9328
791,2018-03-02,5030.0,318724.0,4.22928
792,2018-03-03,5030.0,318724.0,0.7941600000000001
793,2018-03-04,5030.0,318724.0,0.68291
794,2018-03-05,4900.0,515848.0,4.2275599999999995
795,2018-03-06,4925.0,328135.0,4.1916199999999995
796,2018-03-07,5010.0,807885.0,4.94129
797,2018-03-08,5080.0,451794.0,4.237830000000001
798,2018-03-09,5150.0,646371.0,4.60069
799,2018-03-10,5150.0,646371.0,0.80272
800,2018-03-11,5150.0,646371.0,0.74795
801,2018-03-12,5080.0,574959.0,4.35593
802,2018-03-13,5000.0,620210.0,3.91606
803,2018-03-14,5140.0,705758.0,4.429530000000001
804,2018-03-15,5020.0,589534.0,4.059830000000001
805,2018-03-16,5130.0,1608249.0,5.39999
806,2018-03-17,5130.0,1608249.0,0.9892799999999999
807,2018-03-18,5130.0,1608249.0,0.7941600000000001
808,2018-03-19,5090.0,623014.0,4.88309
809,2018-03-20,5050.0,449055.0,4.42097
810,2018-03-21,5080.0,1316401.0,5.17235
811,2018-03-22,4920.0,1091226.0,4.7923800000000005
812,2018-03-23,4525.0,881105.0,4.03245
813,2018-03-24,4525.0,881105.0,0.8694700000000001
814,2018-03-25,4525.0,881105.0,0.64354
815,2018-03-26,4460.0,618809.0,4.44665
816,2018-03-27,4505.0,336159.0,3.83733
817,2018-03-28,4505.0,434432.0,3.75346
818,2018-03-29,4415.0,508681.0,4.17108
819,2018-03-30,4435.0,331249.0,3.6661699999999997
820,2018-03-31,4435.0,331249.0,0.7017399999999999
821,2018-04-01,4435.0,331249.0,0.61445
822,2018-04-02,4410.0,396106.0,3.3837599999999997
823,2018-04-03,4245.0,810971.0,4.0701
824,2018-04-04,4200.0,631394.0,3.7004
825,2018-04-05,4205.0,344802.0,3.40944
826,2018-04-06,3970.0,844548.0,4.201890000000001
827,2018-04-07,3970.0,844548.0,0.80957
828,2018-04-08,3970.0,844548.0,0.63156
829,2018-04-09,4135.0,504114.0,3.9776800000000003
830,2018-04-10,4180.0,380947.0,3.61311
831,2018-04-11,4150.0,397057.0,3.40259
832,2018-04-12,3605.0,8299717.0,12.91548
833,2018-04-13,3605.0,1826787.0,7.079039999999999
834,2018-04-14,3605.0,1826787.0,1.7012900000000002
835,2018-04-15,3605.0,1826787.0,1.3504200000000002
836,2018-04-16,3700.0,1801195.0,5.6242
837,2018-04-17,3790.0,1151384.0,5.01317
838,2018-04-18,3705.0,1003814.0,4.31657
839,2018-04-19,3655.0,565667.0,3.8681400000000004
840,2018-04-20,3805.0,739598.0,4.43295
841,2018-04-21,3805.0,739598.0,0.94478
842,2018-04-22,3805.0,739598.0,0.9892799999999999
843,2018-04-23,3680.0,451227.0,3.7500400000000003
844,2018-04-24,3620.0,452055.0,3.45051
845,2018-04-25,3655.0,402458.0,3.07397
846,2018-04-26,3600.0,373946.0,3.05001
847,2018-04-27,3600.0,307791.0,2.71625
848,2018-04-28,3600.0,307791.0,0.58535
849,2018-04-29,3600.0,307791.0,0.5511199999999999
850,2018-04-30,3465.0,633341.0,3.2057599999999997
851,2018-05-01,3465.0,633341.0,1.26142
852,2018-05-02,3340.0,1019935.0,4.00506
853,2018-05-03,3430.0,341965.0,3.05172
854,2018-05-04,3335.0,355479.0,2.8155200000000002
855,2018-05-05,3335.0,355479.0,0.6076
856,2018-05-06,3335.0,355479.0,0.6349899999999999
857,2018-05-07,3335.0,355479.0,0.67778
858,2018-05-08,3160.0,437308.0,3.07397
859,2018-05-09,3335.0,398231.0,3.3478199999999996
860,2018-05-10,3335.0,177403.0,2.86516
861,2018-05-11,3420.0,334607.0,2.8925400000000003
862,2018-05-12,3420.0,334607.0,0.59733
863,2018-05-13,3420.0,334607.0,0.54085
864,2018-05-14,3300.0,377622.0,2.58617
865,2018-05-15,3260.0,198906.0,2.4372700000000003
866,2018-05-16,3105.0,577424.0,2.79498
867,2018-05-17,3165.0,370736.0,2.84291
868,2018-05-18,3365.0,930589.0,4.03758
869,2018-05-19,3365.0,930589.0,0.97901
870,2018-05-20,3365.0,930589.0,0.73939
871,2018-05-21,4005.0,12136639.0,13.853420000000002
872,2018-05-22,4005.0,12136639.0,2.85831
873,2018-05-23,3820.0,3534575.0,7.9450899999999995
874,2018-05-24,3705.0,1761870.0,5.60024
875,2018-05-25,3700.0,1188172.0,4.56303
876,2018-05-26,3700.0,1188172.0,1.0680100000000001
877,2018-05-27,3700.0,1188172.0,0.9653200000000001
878,2018-05-28,3650.0,1601622.0,4.24126
879,2018-05-29,3575.0,724688.0,3.68842
880,2018-05-30,3495.0,836308.0,3.34268
881,2018-05-31,3460.0,966096.0,3.44196
882,2018-06-01,3270.0,1303558.0,3.80652
883,2018-06-02,3270.0,1303558.0,0.80614
884,2018-06-03,3270.0,1303558.0,0.75822
885,2018-06-04,3370.0,1215508.0,3.73635
886,2018-06-05,3365.0,524791.0,3.08937
887,2018-06-06,3365.0,524791.0,0.70516
888,2018-06-07,3410.0,383550.0,2.8206599999999997
889,2018-06-08,3595.0,2236185.0,4.436380000000001
890,2018-06-09,3595.0,2236185.0,0.9071299999999999
891,2018-06-10,3595.0,2236185.0,0.7548
892,2018-06-11,3490.0,1132415.0,3.9828099999999997
893,2018-06-12,3415.0,496679.0,2.9798299999999998
894,2018-06-13,3415.0,496679.0,0.7017399999999999
895,2018-06-14,3315.0,389998.0,2.605
896,2018-06-15,3450.0,494818.0,3.01578
897,2018-06-16,3450.0,494818.0,0.53743
898,2018-06-17,3450.0,494818.0,0.5631
899,2018-06-18,3205.0,605177.0,2.76931
900,2018-06-19,3090.0,406412.0,2.73508
901,2018-06-20,3175.0,232734.0,2.45267
902,2018-06-21,3040.0,291422.0,2.48348
903,2018-06-22,3045.0,274203.0,2.21476
904,2018-06-23,3045.0,274203.0,0.49635
905,2018-06-24,3045.0,274203.0,0.4895
906,2018-06-25,3285.0,989259.0,4.47232
907,2018-06-26,3235.0,361684.0,3.16982
908,2018-06-27,3370.0,1300332.0,4.76842
909,2018-06-28,3350.0,10726977.0,9.33659
910,2018-06-29,3170.0,1395257.0,4.59384
911,2018-06-30,3170.0,1395257.0,0.90028
912,2018-07-01,3170.0,1395257.0,0.90028
913,2018-07-02,3325.0,2868890.0,5.96309
914,2018-07-03,3255.0,1562233.0,4.63834
915,2018-07-04,3190.0,947129.0,4.1591
916,2018-07-05,3080.0,708299.0,3.53096
917,2018-07-06,3090.0,532615.0,3.37178
918,2018-07-07,3090.0,532615.0,0.5922
919,2018-07-08,3090.0,532615.0,0.57508
920,2018-07-09,3035.0,373786.0,3.07226
921,2018-07-10,3195.0,464802.0,3.7175199999999995
922,2018-07-11,3080.0,494018.0,3.1886400000000004
923,2018-07-12,3090.0,219912.0,2.9096599999999997
924,2018-07-13,3165.0,255270.0,2.7179599999999997
925,2018-07-14,3165.0,255270.0,0.62985
926,2018-07-15,3165.0,255270.0,0.53572
927,2018-07-16,3310.0,835316.0,3.53096
928,2018-07-17,3265.0,550919.0,3.45223
929,2018-07-18,3450.0,1702504.0,5.5728599999999995
930,2018-07-19,3355.0,2445877.0,7.571969999999999
931,2018-07-20,3230.0,728404.0,4.18649
932,2018-07-21,3230.0,728404.0,0.80101
933,2018-07-22,3230.0,728404.0,0.65895
934,2018-07-23,3045.0,974126.0,3.90921
935,2018-07-24,3000.0,505937.0,3.45736
936,2018-07-25,2980.0,395809.0,3.14585
937,2018-07-26,3070.0,362706.0,3.07055
938,2018-07-27,3095.0,306251.0,2.9798299999999998
939,2018-07-28,3095.0,306251.0,0.43301999999999996
940,2018-07-29,3095.0,306251.0,0.43473
941,2018-07-30,3065.0,200507.0,2.7795799999999997
942,2018-07-31,3075.0,229044.0,2.6495
943,2018-08-01,3165.0,545363.0,2.82921
944,2018-08-02,3110.0,342101.0,2.62554
945,2018-08-03,3140.0,175134.0,2.5331099999999998
946,2018-08-04,3140.0,175134.0,0.45527
947,2018-08-05,3140.0,175134.0,0.39366
948,2018-08-06,3185.0,484424.0,2.9729900000000002
949,2018-08-07,3195.0,291386.0,2.7231
950,2018-08-08,3155.0,351480.0,2.7196700000000003
951,2018-08-09,3210.0,387395.0,2.61698
952,2018-08-10,3095.0,367923.0,2.4235700000000002
953,2018-08-11,3095.0,367923.0,0.41933000000000004
954,2018-08-12,3095.0,367923.0,0.35600000000000004
955,2018-08-13,2990.0,406772.0,2.33115
956,2018-08-14,3015.0,201702.0,2.3157400000000004
957,2018-08-15,3015.0,201702.0,0.54598
958,2018-08-16,3010.0,166896.0,2.17197
959,2018-08-17,3050.0,115451.0,2.24899
960,2018-08-18,3050.0,115451.0,0.44843
961,2018-08-19,3050.0,115451.0,0.49463999999999997
962,2018-08-20,3050.0,169444.0,2.41673
963,2018-08-21,3040.0,350488.0,2.54681
964,2018-08-22,3115.0,521497.0,3.03289
965,2018-08-23,3075.0,352652.0,2.32259
966,2018-08-24,3070.0,258861.0,2.10865
967,2018-08-25,3070.0,258861.0,0.47752
968,2018-08-26,3070.0,258861.0,0.3851
969,2018-08-27,3020.0,258345.0,2.08297
970,2018-08-28,3115.0,503450.0,2.86002
971,2018-08-29,3070.0,319832.0,2.5878799999999997
972,2018-08-30,3085.0,231522.0,2.4851900000000002
973,2018-08-31,3075.0,231816.0,2.1257599999999996
974,2018-09-01,3075.0,231816.0,0.46383
975,2018-09-02,3075.0,231816.0,0.40906
976,2018-09-03,3060.0,203232.0,9.55567
977,2018-09-04,3060.0,0.0,100.0
978,2018-09-05,3060.0,0.0,8.33704
979,2018-09-06,3060.0,0.0,6.39783
980,2018-09-07,3060.0,0.0,4.63834
981,2018-09-08,3060.0,0.0,2.6204
982,2018-09-09,3060.0,0.0,2.34655
983,2018-09-10,3060.0,0.0,6.7213199999999995
984,2018-09-11,3060.0,0.0,5.5352
985,2018-09-12,3060.0,0.0,4.5014199999999995
986,2018-09-13,3060.0,0.0,4.34566
987,2018-09-14,3060.0,0.0,4.540780000000001
988,2018-09-15,3060.0,0.0,1.9255099999999998
989,2018-09-16,3060.0,0.0,1.51131
990,2018-09-17,3060.0,0.0,4.732480000000001
991,2018-09-18,3060.0,0.0,3.67815
992,2018-09-19,3060.0,0.0,3.46078
993,2018-09-20,3060.0,0.0,3.78085
994,2018-09-21,3060.0,0.0,3.1167599999999998
995,2018-09-22,3060.0,0.0,1.44456
996,2018-09-23,3060.0,0.0,1.04405
997,2018-09-24,3060.0,0.0,0.9653200000000001
998,2018-09-25,3060.0,0.0,1.1998
999,2018-09-26,3060.0,0.0,1.7321
1000,2018-09-27,3060.0,0.0,6.78465
1001,2018-09-28,3060.0,0.0,4.06839
1002,2018-09-29,3060.0,0.0,1.4017700000000002
1003,2018-09-30,3060.0,0.0,1.49419
1004,2018-10-01,3060.0,0.0,3.51726
1005,2018-10-02,3060.0,0.0,4.3217
1006,2018-10-03,3060.0,0.0,1.9700099999999998
1007,2018-10-04,3060.0,0.0,4.0837900000000005
1008,2018-10-05,3060.0,0.0,3.4796099999999996
1009,2018-10-06,3060.0,0.0,1.5421200000000002
1010,2018-10-07,3060.0,0.0,1.31277
1011,2018-10-08,3060.0,0.0,3.3940300000000003
1012,2018-10-09,3060.0,0.0,1.63796
1013,2018-10-10,3060.0,0.0,3.1099099999999997
1014,2018-10-11,3060.0,0.0,3.07226
1015,2018-10-12,3060.0,0.0,2.427
1016,2018-10-13,3060.0,0.0,1.10053
1017,2018-10-14,3060.0,0.0,0.90541
1018,2018-10-15,3060.0,0.0,2.43898
1019,2018-10-16,3060.0,0.0,2.3054799999999998
1020,2018-10-17,3060.0,0.0,2.1137799999999998
1021,2018-10-18,3060.0,0.0,2.4235700000000002
1022,2018-10-19,3060.0,0.0,2.31917
1023,2018-10-20,3060.0,0.0,1.0680100000000001
1024,2018-10-21,3060.0,0.0,1.05945
1025,2018-10-22,3060.0,0.0,2.94902
1026,2018-10-23,3060.0,0.0,2.93876
1027,2018-10-24,3060.0,0.0,3.6507699999999996
1028,2018-10-25,3060.0,0.0,2.88227
1029,2018-10-26,3060.0,0.0,2.39105
1030,2018-10-27,3060.0,0.0,1.0680100000000001
1031,2018-10-28,3060.0,0.0,0.86262
1032,2018-10-29,3060.0,0.0,2.31403
1033,2018-10-30,3060.0,0.0,2.19251
1034,2018-10-31,3060.0,0.0,1.9374900000000002
1035,2018-11-01,3060.0,0.0,2.18395
1036,2018-11-02,3060.0,0.0,2.18738
1037,2018-11-03,3060.0,0.0,1.00811
1038,2018-11-04,3060.0,0.0,0.8900100000000001
1039,2018-11-05,3060.0,0.0,2.18053
1040,2018-11-06,3060.0,0.0,2.06757
1041,2018-11-07,3060.0,0.0,1.9340700000000002
1042,2018-11-08,3060.0,0.0,2.01451
1043,2018-11-09,3060.0,0.0,1.56437
1044,2018-11-10,3060.0,0.0,0.73255
1045,2018-11-11,3060.0,0.0,0.70858
1046,2018-11-12,3060.0,0.0,1.73895
1047,2018-11-13,3060.0,0.0,1.9991
1048,2018-11-14,3060.0,0.0,1.94433
1049,2018-11-15,3060.0,0.0,1.8330799999999998
1050,2018-11-16,3060.0,0.0,4.70338
1051,2018-11-17,3060.0,0.0,2.6204
1052,2018-11-18,3060.0,0.0,1.7115599999999997
1053,2018-11-19,3060.0,0.0,4.301159999999999
1054,2018-11-20,3060.0,0.0,2.7812900000000003
1055,2018-11-21,3060.0,0.0,2.67689
1056,2018-11-22,3060.0,0.0,4.57501
1057,2018-11-23,3060.0,0.0,3.7791300000000003
1058,2018-11-24,3060.0,0.0,1.7355200000000002
1059,2018-11-25,3060.0,0.0,1.42744
1060,2018-11-26,3060.0,0.0,3.3769199999999997
1061,2018-11-27,3060.0,0.0,3.04145
1062,2018-11-28,3060.0,0.0,2.8121
1063,2018-11-29,3060.0,0.0,2.61698
1064,2018-11-30,3060.0,0.0,2.46465
1065,2018-12-01,3060.0,0.0,1.3110600000000001
1066,2018-12-02,3060.0,0.0,1.18953
1067,2018-12-03,3060.0,0.0,2.8155200000000002
1068,2018-12-04,3060.0,0.0,2.50402
1069,2018-12-05,3060.0,0.0,2.16342
1070,2018-12-06,3060.0,0.0,2.03505
1071,2018-12-07,3060.0,0.0,1.78174
1072,2018-12-08,3060.0,0.0,0.8883
1073,2018-12-09,3060.0,0.0,0.82326
1074,2018-12-10,3060.0,0.0,2.43213
1075,2018-12-11,3060.0,0.0,2.18738
1076,2018-12-12,3060.0,0.0,2.0453200000000002
1077,2018-12-13,3060.0,0.0,1.8741599999999998
1078,2018-12-14,3060.0,0.0,1.6927299999999998
1079,2018-12-15,3060.0,0.0,1.49248
1080,2018-12-16,3060.0,0.0,0.8900100000000001
1081,2018-12-17,3060.0,0.0,2.07784
1082,2018-12-18,3060.0,0.0,3.72094
1083,2018-12-19,3060.0,0.0,3.3700699999999997
1084,2018-12-20,3060.0,0.0,2.16513
1085,2018-12-21,3060.0,0.0,2.12405
1086,2018-12-22,3060.0,0.0,1.04063
1087,2018-12-23,3060.0,0.0,0.77362
1088,2018-12-24,3060.0,0.0,1.6739099999999998
1089,2018-12-25,3060.0,0.0,0.8609100000000001
1090,2018-12-26,3060.0,0.0,1.8365099999999999
1091,2018-12-27,3060.0,0.0,1.77318
1092,2018-12-28,3060.0,0.0,1.48735
1093,2018-12-29,3060.0,0.0,0.79245
1094,2018-12-30,3060.0,0.0,0.9687399999999999
1095,2018-12-31,3060.0,0.0,1.1433200000000001
1096,2019-01-01,3060.0,0.0,0.7239899999999999
1097,2019-01-02,3060.0,0.0,1.51644
1098,2019-01-03,3060.0,0.0,1.52329
1099,2019-01-04,3060.0,0.0,1.36925
1100,2019-01-05,3060.0,0.0,0.61787
1101,2019-01-06,3060.0,0.0,0.6521
1102,2019-01-07,3060.0,0.0,1.99055
1103,2019-01-08,3060.0,0.0,2.01451
1104,2019-01-09,3060.0,0.0,1.67733
1105,2019-01-10,3060.0,0.0,1.8211
1106,2019-01-11,3060.0,0.0,1.62085
1107,2019-01-12,3060.0,0.0,0.99784
1108,2019-01-13,3060.0,0.0,0.86262
1109,2019-01-14,3060.0,0.0,1.40519
1110,2019-01-15,3060.0,0.0,1.45654
1111,2019-01-16,3060.0,0.0,1.44285
1112,2019-01-17,3060.0,0.0,1.85533
1113,2019-01-18,3060.0,0.0,1.9357799999999998
1114,2019-01-19,3060.0,0.0,0.80272
1115,2019-01-20,3060.0,0.0,0.70345
1116,2019-01-21,3060.0,0.0,1.51815
1117,2019-01-22,3060.0,0.0,1.8810099999999998
1118,2019-01-23,3060.0,0.0,1.37952
1119,2019-01-24,3060.0,0.0,1.31961
1120,2019-01-25,3060.0,0.0,1.19125
1121,2019-01-26,3060.0,0.0,0.62643
1122,2019-01-27,3060.0,0.0,0.68976
1123,2019-01-28,3060.0,0.0,1.2888
1124,2019-01-29,3060.0,0.0,1.07144
1125,2019-01-30,3060.0,0.0,1.30934
1126,2019-01-31,3060.0,0.0,1.17926
1127,2019-02-01,3060.0,0.0,1.08855
1128,2019-02-02,3060.0,0.0,0.58022
1129,2019-02-03,3060.0,0.0,0.51347
1130,2019-02-04,3060.0,0.0,0.43473
1131,2019-02-05,3060.0,0.0,0.41248
1132,2019-02-06,3060.0,0.0,0.45698
1133,2019-02-07,3060.0,0.0,1.1638600000000001
1134,2019-02-08,3060.0,0.0,1.10909
1135,2019-02-09,3060.0,0.0,0.7205600000000001
1136,2019-02-10,3060.0,0.0,0.56995
1137,2019-02-11,3060.0,0.0,1.28367
1138,2019-02-12,3060.0,0.0,1.05603
1139,2019-02-13,3060.0,0.0,1.3504200000000002
1140,2019-02-14,3060.0,0.0,1.15873
1141,2019-02-15,3060.0,0.0,1.10053
1142,2019-02-16,3060.0,0.0,0.44158000000000003
1143,2019-02-17,3060.0,0.0,0.44328999999999996
1144,2019-02-18,3060.0,0.0,1.07657
1145,2019-02-19,3060.0,0.0,1.40006
1146,2019-02-20,3060.0,0.0,1.45825
1147,2019-02-21,3060.0,0.0,1.08171
1148,2019-02-22,3060.0,0.0,1.0509
1149,2019-02-23,3060.0,0.0,0.59391
1150,2019-02-24,3060.0,0.0,0.43643999999999994
1151,2019-02-25,3060.0,0.0,1.04234
1152,2019-02-26,3060.0,0.0,1.12449
1153,2019-02-27,3060.0,0.0,0.90028
1154,2019-02-28,3060.0,0.0,0.96703
1155,2019-03-01,3060.0,0.0,0.40906
1156,2019-03-02,3060.0,0.0,0.38852
1157,2019-03-03,3060.0,0.0,0.44843
1158,2019-03-04,3060.0,0.0,0.9293799999999999
1159,2019-03-05,3060.0,0.0,0.9122600000000001
1160,2019-03-06,3060.0,0.0,2.0110900000000003
1161,2019-03-07,3060.0,0.0,1.38636
1162,2019-03-08,3060.0,0.0,1.0029700000000001
1163,2019-03-09,3060.0,0.0,0.60418
1164,2019-03-10,3060.0,0.0,0.45698
1165,2019-03-11,3060.0,0.0,0.99955
1166,2019-03-12,3060.0,0.0,1.03378
1167,2019-03-13,3060.0,0.0,1.04576
1168,2019-03-14,3060.0,0.0,1.01495
1169,2019-03-15,3060.0,0.0,1.2443
1170,2019-03-16,3060.0,0.0,0.74966
1171,2019-03-17,3060.0,0.0,0.67606
1172,2019-03-18,3060.0,0.0,1.4034799999999998
1173,2019-03-19,3060.0,0.0,1.27169
1174,2019-03-20,3060.0,0.0,1.1638600000000001
1175,2019-03-21,3060.0,0.0,1.17926
1176,2019-03-22,3060.0,0.0,1.20665
1177,2019-03-23,3060.0,0.0,0.54598
1178,2019-03-24,3060.0,0.0,0.56481
1179,2019-03-25,3060.0,0.0,1.2734
1180,2019-03-26,3060.0,0.0,1.3110600000000001
1181,2019-03-27,3060.0,0.0,1.48735
1182,2019-03-28,3060.0,0.0,1.33673
1183,2019-03-29,3060.0,0.0,2.28151
1184,2019-03-30,3060.0,0.0,1.54554
1185,2019-03-31,3060.0,0.0,0.75993
1186,2019-04-01,3060.0,0.0,1.7115599999999997
1187,2019-04-02,3060.0,0.0,1.6585
1188,2019-04-03,3060.0,0.0,1.4479799999999998
1189,2019-04-04,3060.0,0.0,1.32132
1190,2019-04-05,3060.0,0.0,1.23746
1191,2019-04-06,3060.0,0.0,0.53914
1192,2019-04-07,3060.0,0.0,0.5049100000000001
1193,2019-04-08,3060.0,0.0,1.3521299999999998
1194,2019-04-09,3060.0,0.0,1.71327
1195,2019-04-10,3060.0,0.0,1.17242
1196,2019-04-11,3060.0,0.0,1.22205
1197,2019-04-12,3060.0,0.0,1.11251
1198,2019-04-13,3060.0,0.0,0.49806000000000006
1199,2019-04-14,3060.0,0.0,0.5477
1200,2019-04-15,3060.0,0.0,1.19638
1201,2019-04-16,3060.0,0.0,1.5831899999999999
1202,2019-04-17,3060.0,0.0,2.46636
1203,2019-04-18,3060.0,0.0,1.87758
1204,2019-04-19,3060.0,0.0,1.4548299999999998
1205,2019-04-20,3060.0,0.0,0.80785
1206,2019-04-21,3060.0,0.0,0.86262
1207,2019-04-22,3060.0,0.0,2.31232
1208,2019-04-23,3060.0,0.0,1.7954299999999999
1209,2019-04-24,3060.0,0.0,1.29565
1210,2019-04-25,3060.0,0.0,1.26655
1211,2019-04-26,3060.0,0.0,1.09026
1212,2019-04-27,3060.0,0.0,0.5733699999999999
1213,2019-04-28,3060.0,0.0,0.61616
1214,2019-04-29,3060.0,0.0,1.40519
1215,2019-04-30,3060.0,0.0,1.13134
1216,2019-05-01,3060.0,0.0,0.73768
1217,2019-05-02,3060.0,0.0,1.2186299999999999
1218,2019-05-03,3060.0,0.0,1.07486
1219,2019-05-04,3060.0,0.0,0.49977
1220,2019-05-05,3060.0,0.0,0.42788999999999994
1221,2019-05-06,3060.0,0.0,0.51689
1222,2019-05-07,3060.0,0.0,1.27854
1223,2019-05-08,3060.0,0.0,1.28025
1224,2019-05-09,3060.0,0.0,1.12449
1225,2019-05-10,3060.0,0.0,0.97216
1226,2019-05-11,3060.0,0.0,0.5049100000000001
1227,2019-05-12,3060.0,0.0,0.42103999999999997
1228,2019-05-13,3060.0,0.0,0.99784
1229,2019-05-14,3060.0,0.0,0.91911
1230,2019-05-15,3060.0,0.0,0.9430700000000001
1231,2019-05-16,3060.0,0.0,0.99784
1232,2019-05-17,3060.0,0.0,0.78389
1233,2019-05-18,3060.0,0.0,0.38167
1234,2019-05-19,3060.0,0.0,0.41418999999999995
1235,2019-05-20,3060.0,0.0,0.93965
1236,2019-05-21,3060.0,0.0,0.94991
1237,2019-05-22,3060.0,0.0,0.90541
1238,2019-05-23,3060.0,0.0,0.87974
1239,2019-05-24,3060.0,0.0,0.76849
1240,2019-05-25,3060.0,0.0,0.39708000000000004
1241,2019-05-26,3060.0,0.0,0.38681
1242,2019-05-27,3060.0,0.0,0.9037
1243,2019-05-28,3060.0,0.0,1.03549
1244,2019-05-29,3060.0,0.0,0.86262
1245,2019-05-30,3060.0,0.0,0.88659
1246,2019-05-31,3060.0,0.0,0.73426
1247,2019-06-01,3060.0,0.0,0.35429
1248,2019-06-02,3060.0,0.0,0.28583000000000003
1249,2019-06-03,3060.0,0.0,0.87803
1250,2019-06-04,3060.0,0.0,0.85064
1251,2019-06-05,3060.0,0.0,0.80101
1252,2019-06-06,3060.0,0.0,0.39023
1253,2019-06-07,3060.0,0.0,0.88659
1254,2019-06-08,3060.0,0.0,0.44328999999999996
1255,2019-06-09,3060.0,0.0,0.34231
1256,2019-06-10,3060.0,0.0,1.0680100000000001
1257,2019-06-11,3060.0,0.0,0.9328
1258,2019-06-12,3060.0,0.0,1.12278
1259,2019-06-13,3060.0,0.0,1.1501700000000001
1260,2019-06-14,3060.0,0.0,1.07828
1261,2019-06-15,3060.0,0.0,0.60075
1262,2019-06-16,3060.0,0.0,0.42446000000000006
1263,2019-06-17,3060.0,0.0,1.0509
1264,2019-06-18,3060.0,0.0,1.09197
1265,2019-06-19,3060.0,0.0,1.18269
1266,2019-06-20,3060.0,0.0,1.32132
1267,2019-06-21,3060.0,0.0,1.28538
1268,2019-06-22,3060.0,0.0,0.69831
1269,2019-06-23,3060.0,0.0,0.56995
1270,2019-06-24,3060.0,0.0,1.30421
1271,2019-06-25,3060.0,0.0,1.38636
1272,2019-06-26,3060.0,0.0,9.24417
1273,2019-06-27,3060.0,0.0,3.61482
1274,2019-06-28,3060.0,0.0,2.15999
1275,2019-06-29,3060.0,0.0,1.01667
1276,2019-06-30,3060.0,0.0,0.72228
1277,2019-07-01,3060.0,0.0,1.59175
1278,2019-07-02,3060.0,0.0,1.37096
1279,2019-07-03,3060.0,0.0,1.26655
1280,2019-07-04,3060.0,0.0,1.25286
1281,2019-07-05,3060.0,0.0,1.38465
1282,2019-07-06,3060.0,0.0,0.7993
1283,2019-07-07,3060.0,0.0,0.52887
1284,2019-07-08,3060.0,0.0,1.07486
1285,2019-07-09,3060.0,0.0,1.0543200000000001
1286,2019-07-10,3060.0,0.0,1.1707100000000001
1287,2019-07-11,3060.0,0.0,1.34186
1288,2019-07-12,3060.0,0.0,1.20494
1289,2019-07-13,3060.0,0.0,0.5767899999999999
1290,2019-07-14,3060.0,0.0,0.47581
1291,2019-07-15,3060.0,0.0,1.75606
1292,2019-07-16,3060.0,0.0,1.68418
1293,2019-07-17,3060.0,0.0,1.4034799999999998
1294,2019-07-18,3060.0,0.0,1.46338
1295,2019-07-19,3060.0,0.0,1.38808
1296,2019-07-20,3060.0,0.0,0.55625
1297,2019-07-21,3060.0,0.0,0.51518
1298,2019-07-22,3060.0,0.0,1.45825
1299,2019-07-23,3060.0,0.0,1.44456
1300,2019-07-24,3060.0,0.0,1.3897899999999999
1301,2019-07-25,3060.0,0.0,1.1707100000000001
1302,2019-07-26,3060.0,0.0,1.2734
1303,2019-07-27,3060.0,0.0,0.70858
1304,2019-07-28,3060.0,0.0,0.5922
1305,2019-07-29,3060.0,0.0,1.525
1306,2019-07-30,3060.0,0.0,1.44969
1307,2019-07-31,3060.0,0.0,2.50573
1308,2019-08-01,3060.0,0.0,1.84335
1309,2019-08-02,3060.0,0.0,1.0218
1310,2019-08-03,3060.0,0.0,0.6281399999999999
1311,2019-08-04,3060.0,0.0,0.50148
1312,2019-08-05,3060.0,0.0,0.9037
1313,2019-08-06,3060.0,0.0,0.81128
1314,2019-08-07,3060.0,0.0,0.75308
1315,2019-08-08,3060.0,0.0,0.8472200000000001
1316,2019-08-09,3060.0,0.0,0.79245
1317,2019-08-10,3060.0,0.0,0.44328999999999996
1318,2019-08-11,3060.0,0.0,0.42618
1319,2019-08-12,3060.0,0.0,0.8951399999999999
1320,2019-08-13,3060.0,0.0,1.02009
1321,2019-08-14,3060.0,0.0,0.9909899999999999
1322,2019-08-15,3060.0,0.0,0.53743
1323,2019-08-16,3060.0,0.0,0.9773
1324,2019-08-17,3060.0,0.0,0.35941999999999996
1325,2019-08-18,3060.0,0.0,0.34915
1326,2019-08-19,3060.0,0.0,0.8951399999999999
1327,2019-08-20,3060.0,0.0,0.8249700000000001
1328,2019-08-21,3060.0,0.0,0.8592
1329,2019-08-22,3060.0,0.0,0.9944200000000001
1330,2019-08-23,3060.0,0.0,0.7993
1331,2019-08-24,3060.0,0.0,0.37483
1332,2019-08-25,3060.0,0.0,0.31835
1333,2019-08-26,3060.0,0.0,0.9687399999999999
1334,2019-08-27,3060.0,0.0,1.0218
1335,2019-08-28,3060.0,0.0,0.87461
1336,2019-08-29,3060.0,0.0,1.22205
1337,2019-08-30,3060.0,0.0,1.347
1338,2019-08-31,3060.0,0.0,0.55797
1339,2019-09-01,3060.0,0.0,0.39194
1340,2019-09-02,3060.0,0.0,0.9328
1341,2019-09-03,3060.0,0.0,0.81812
1342,2019-09-04,3060.0,0.0,0.77876
1343,2019-09-05,3060.0,0.0,0.85236
1344,2019-09-06,3060.0,0.0,0.62985
1345,2019-09-07,3060.0,0.0,0.25844
1346,2019-09-08,3060.0,0.0,0.24816999999999997
1347,2019-09-09,3060.0,0.0,0.7017399999999999
1348,2019-09-10,3060.0,0.0,0.73255
1349,2019-09-11,3060.0,0.0,0.6058899999999999
1350,2019-09-12,3060.0,0.0,0.26871
1351,2019-09-13,3060.0,0.0,0.21565
1352,2019-09-14,3060.0,0.0,0.20881
1353,2019-09-15,3060.0,0.0,0.26186
1354,2019-09-16,3060.0,0.0,0.7103
1355,2019-09-17,3060.0,0.0,0.77705
1356,2019-09-18,3060.0,0.0,1.38294
1357,2019-09-19,3060.0,0.0,1.14846
1358,2019-09-20,3060.0,0.0,0.71714
1359,2019-09-21,3060.0,0.0,0.28069
1360,2019-09-22,3060.0,0.0,0.29780999999999996
1361,2019-09-23,3060.0,0.0,0.71201
1362,2019-09-24,3060.0,0.0,0.76849
1363,2019-09-25,3060.0,0.0,0.61102
